species,date,geartype,sex,inches,grams,age,agestruct
BG,4/28/1999,BOOM SHOCKER,NA,0.9,0,NA,NA
BG,4/28/1999,BOOM SHOCKER,NA,1,0,NA,NA
BG,4/28/1999,BOOM SHOCKER,NA,1,0,NA,NA
BG,4/28/1999,BOOM SHOCKER,NA,1,0,NA,NA
BG,4/15/1999,BOOM SHOCKER,NA,1,1,NA,NA
BG,4/15/1999,BOOM SHOCKER,NA,1,1,NA,NA
BG,4/28/1999,BOOM SHOCKER,NA,1.1,0,NA,NA
BG,4/28/1999,BOOM SHOCKER,NA,1.1,0,NA,NA
BG,4/28/1999,BOOM SHOCKER,NA,1.1,0,NA,NA
BG,4/28/1999,BOOM SHOCKER,NA,1.1,0,NA,NA
BG,4/15/1999,BOOM SHOCKER,NA,1.1,NA,NA,NA
BG,4/28/1999,BOOM SHOCKER,NA,1.2,0,NA,NA
BG,4/28/1999,BOOM SHOCKER,NA,1.2,0,NA,NA
BG,4/28/1999,BOOM SHOCKER,NA,1.2,0,NA,NA
BG,4/28/1999,BOOM SHOCKER,NA,1.2,0,NA,NA
BG,4/28/1999,BOOM SHOCKER,NA,1.2,0,NA,NA
BG,4/28/1999,BOOM SHOCKER,NA,1.2,0,NA,NA
BG,4/15/1999,BOOM SHOCKER,NA,1.2,0,NA,NA
BG,4/15/1999,BOOM SHOCKER,NA,1.2,0,NA,NA
BG,4/15/1999,BOOM SHOCKER,NA,1.2,1,NA,NA
BG,4/15/1999,BOOM SHOCKER,NA,1.2,1,NA,NA
BG,4/15/1999,BOOM SHOCKER,NA,1.2,NA,NA,NA
BG,4/28/1999,BOOM SHOCKER,NA,1.2,NA,NA,NA
BG,4/28/1999,BOOM SHOCKER,NA,1.3,0,NA,NA
BG,4/28/1999,BOOM SHOCKER,NA,1.3,0,NA,NA
BG,4/28/1999,BOOM SHOCKER,NA,1.3,0,NA,NA
BG,4/28/1999,BOOM SHOCKER,NA,1.3,0,NA,NA
BG,4/28/1999,BOOM SHOCKER,NA,1.3,0,NA,NA
BG,4/15/1999,BOOM SHOCKER,NA,1.3,0,NA,NA
BG,4/28/1999,BOOM SHOCKER,NA,1.3,1,NA,NA
BG,4/15/1999,BOOM SHOCKER,NA,1.3,1,NA,NA
BG,4/28/1999,BOOM SHOCKER,NA,1.3,1,NA,NA
BG,4/15/1999,BOOM SHOCKER,NA,1.3,1,NA,NA
BG,4/15/1999,BOOM SHOCKER,NA,1.3,NA,NA,NA
BG,4/28/1999,BOOM SHOCKER,NA,1.4,0,NA,NA
BG,4/28/1999,BOOM SHOCKER,NA,1.4,0,NA,NA
BG,4/28/1999,BOOM SHOCKER,NA,1.4,0,NA,NA
BG,4/28/1999,BOOM SHOCKER,NA,1.4,0,NA,NA
BG,4/28/1999,BOOM SHOCKER,NA,1.4,0,NA,NA
BG,4/28/1999,BOOM SHOCKER,NA,1.4,0,NA,NA
BG,4/28/1999,BOOM SHOCKER,NA,1.4,0,NA,NA
BG,4/28/1999,BOOM SHOCKER,NA,1.4,0,NA,NA
BG,4/28/1999,BOOM SHOCKER,NA,1.4,0,NA,NA
BG,4/28/1999,BOOM SHOCKER,NA,1.4,0,NA,NA
BG,4/28/1999,BOOM SHOCKER,NA,1.4,0,NA,NA
BG,4/28/1999,BOOM SHOCKER,NA,1.4,1,NA,NA
BG,4/28/1999,BOOM SHOCKER,NA,1.4,1,NA,NA
BG,4/28/1999,BOOM SHOCKER,NA,1.4,1,NA,NA
BG,4/28/1999,BOOM SHOCKER,NA,1.4,1,NA,NA
BG,4/28/1999,BOOM SHOCKER,NA,1.4,1,NA,NA
BG,4/15/1999,BOOM SHOCKER,NA,1.4,1,NA,NA
BG,4/28/1999,BOOM SHOCKER,NA,1.4,1,NA,NA
BG,4/28/1999,BOOM SHOCKER,NA,1.4,1,NA,NA
BG,4/15/1999,BOOM SHOCKER,NA,1.4,1,NA,NA
BG,4/15/1999,BOOM SHOCKER,NA,1.4,1,NA,NA
BG,4/15/1999,BOOM SHOCKER,NA,1.4,1,NA,NA
BG,4/15/1999,BOOM SHOCKER,NA,1.4,NA,NA,NA
BG,4/28/1999,BOOM SHOCKER,NA,1.5,0,NA,NA
BG,4/28/1999,BOOM SHOCKER,NA,1.5,0,NA,NA
BG,4/28/1999,BOOM SHOCKER,NA,1.5,0,NA,NA
BG,4/28/1999,BOOM SHOCKER,NA,1.5,0,NA,NA
BG,4/15/1999,BOOM SHOCKER,NA,1.5,0,NA,NA
BG,4/28/1999,BOOM SHOCKER,NA,1.5,0,NA,NA
BG,4/28/1999,BOOM SHOCKER,NA,1.5,0,NA,NA
BG,4/28/1999,BOOM SHOCKER,NA,1.5,0,NA,NA
BG,4/28/1999,BOOM SHOCKER,NA,1.5,0,NA,NA
BG,4/15/1999,BOOM SHOCKER,NA,1.5,1,NA,NA
BG,4/15/1999,BOOM SHOCKER,NA,1.5,1,NA,NA
BG,4/15/1999,BOOM SHOCKER,NA,1.5,1,NA,NA
BG,4/28/1999,BOOM SHOCKER,NA,1.5,1,NA,NA
BG,4/28/1999,BOOM SHOCKER,NA,1.5,1,NA,NA
BG,4/15/1999,BOOM SHOCKER,NA,1.5,1,NA,NA
BG,4/28/1999,BOOM SHOCKER,NA,1.5,2,NA,NA
BG,4/15/1999,BOOM SHOCKER,NA,1.5,3,NA,NA
BG,4/15/1999,BOOM SHOCKER,NA,1.5,NA,NA,NA
BG,4/28/1999,BOOM SHOCKER,NA,1.6,0,NA,NA
BG,4/28/1999,BOOM SHOCKER,NA,1.6,0,NA,NA
BG,4/28/1999,BOOM SHOCKER,NA,1.6,0,NA,NA
BG,4/28/1999,BOOM SHOCKER,NA,1.6,0,NA,NA
BG,4/28/1999,BOOM SHOCKER,NA,1.6,0,NA,NA
BG,4/28/1999,BOOM SHOCKER,NA,1.6,0,NA,NA
BG,4/28/1999,BOOM SHOCKER,NA,1.6,0,NA,NA
BG,4/28/1999,BOOM SHOCKER,NA,1.6,0,NA,NA
BG,4/28/1999,BOOM SHOCKER,NA,1.6,0,NA,NA
BG,4/28/1999,BOOM SHOCKER,NA,1.6,0,NA,NA
BG,4/15/1999,BOOM SHOCKER,NA,1.6,0,NA,NA
BG,4/28/1999,BOOM SHOCKER,NA,1.6,0,NA,NA
BG,4/28/1999,BOOM SHOCKER,NA,1.6,0,NA,NA
BG,4/28/1999,BOOM SHOCKER,NA,1.6,1,NA,NA
BG,4/28/1999,BOOM SHOCKER,NA,1.6,1,NA,NA
BG,4/28/1999,BOOM SHOCKER,NA,1.6,1,NA,NA
BG,4/28/1999,BOOM SHOCKER,NA,1.6,1,NA,NA
BG,4/28/1999,BOOM SHOCKER,NA,1.6,1,NA,NA
BG,4/28/1999,BOOM SHOCKER,NA,1.6,1,NA,NA
BG,4/15/1999,BOOM SHOCKER,NA,1.6,1,NA,NA
BG,4/15/1999,BOOM SHOCKER,NA,1.6,1,NA,NA
BG,4/15/1999,BOOM SHOCKER,NA,1.6,1,NA,NA
BG,4/15/1999,BOOM SHOCKER,NA,1.6,1,NA,NA
BG,4/15/1999,BOOM SHOCKER,NA,1.6,1,NA,NA
BG,4/15/1999,BOOM SHOCKER,NA,1.6,1,NA,NA
BG,4/15/1999,BOOM SHOCKER,NA,1.6,1,NA,NA
BG,4/15/1999,BOOM SHOCKER,NA,1.6,1,NA,NA
BG,4/28/1999,BOOM SHOCKER,NA,1.6,2,NA,NA
BG,4/28/1999,BOOM SHOCKER,NA,1.6,2,NA,NA
BG,4/28/1999,BOOM SHOCKER,NA,1.6,2,NA,NA
BG,4/28/1999,BOOM SHOCKER,NA,1.6,2,NA,NA
BG,4/28/1999,BOOM SHOCKER,NA,1.6,2,NA,NA
BG,4/15/1999,BOOM SHOCKER,NA,1.6,NA,NA,NA
BG,4/15/1999,BOOM SHOCKER,NA,1.6,NA,NA,NA
BG,4/28/1999,BOOM SHOCKER,NA,1.7,0,NA,NA
BG,4/15/1999,BOOM SHOCKER,NA,1.7,0,NA,NA
BG,4/28/1999,BOOM SHOCKER,NA,1.7,1,NA,NA
BG,4/15/1999,BOOM SHOCKER,NA,1.7,1,NA,NA
BG,4/15/1999,BOOM SHOCKER,NA,1.7,1,NA,NA
BG,4/15/1999,BOOM SHOCKER,NA,1.7,1,NA,NA
BG,4/15/1999,BOOM SHOCKER,NA,1.7,1,NA,NA
BG,4/15/1999,BOOM SHOCKER,NA,1.7,1,NA,NA
BG,4/15/1999,BOOM SHOCKER,NA,1.7,1,NA,NA
BG,4/15/1999,BOOM SHOCKER,NA,1.7,1,NA,NA
BG,4/15/1999,BOOM SHOCKER,NA,1.7,1,NA,NA
BG,4/28/1999,BOOM SHOCKER,NA,1.7,2,NA,NA
BG,4/28/1999,BOOM SHOCKER,NA,1.7,2,NA,NA
BG,4/28/1999,BOOM SHOCKER,NA,1.7,2,NA,NA
BG,4/15/1999,BOOM SHOCKER,NA,1.7,2,NA,NA
BG,4/15/1999,BOOM SHOCKER,NA,1.8,0,NA,NA
BG,4/28/1999,BOOM SHOCKER,NA,1.8,1,NA,NA
BG,4/28/1999,BOOM SHOCKER,NA,1.8,1,NA,NA
BG,4/28/1999,BOOM SHOCKER,NA,1.8,1,NA,NA
BG,4/15/1999,BOOM SHOCKER,NA,1.8,1,NA,NA
BG,4/15/1999,BOOM SHOCKER,NA,1.8,1,NA,NA
BG,4/28/1999,BOOM SHOCKER,NA,1.8,2,NA,NA
BG,4/28/1999,BOOM SHOCKER,NA,1.8,2,NA,NA
BG,4/28/1999,BOOM SHOCKER,NA,1.8,2,NA,NA
BG,4/15/1999,BOOM SHOCKER,NA,1.9,1,NA,NA
BG,4/28/1999,BOOM SHOCKER,NA,1.9,1,NA,NA
BG,4/28/1999,BOOM SHOCKER,NA,1.9,1,NA,NA
BG,4/15/1999,BOOM SHOCKER,NA,1.9,1,NA,NA
BG,4/15/1999,BOOM SHOCKER,NA,1.9,1,NA,NA
BG,4/15/1999,BOOM SHOCKER,NA,1.9,1,NA,NA
BG,4/28/1999,BOOM SHOCKER,NA,1.9,2,NA,NA
BG,4/28/1999,BOOM SHOCKER,NA,1.9,2,NA,NA
BG,4/28/1999,BOOM SHOCKER,NA,1.9,2,NA,NA
BG,4/28/1999,BOOM SHOCKER,NA,1.9,2,NA,NA
BG,4/28/1999,BOOM SHOCKER,NA,1.9,2,NA,NA
BG,4/28/1999,BOOM SHOCKER,NA,1.9,2,NA,NA
BG,4/28/1999,BOOM SHOCKER,NA,1.9,2,NA,NA
BG,4/15/1999,BOOM SHOCKER,NA,1.9,2,NA,NA
BG,4/15/1999,BOOM SHOCKER,NA,1.9,2,NA,NA
BG,4/28/1999,BOOM SHOCKER,NA,1.9,2,NA,NA
BG,4/28/1999,BOOM SHOCKER,NA,1.9,2,NA,NA
BG,4/28/1999,BOOM SHOCKER,NA,1.9,2,NA,NA
BG,4/28/1999,BOOM SHOCKER,NA,1.9,2,NA,NA
BG,4/15/1999,BOOM SHOCKER,NA,2,0,NA,NA
BG,4/28/1999,BOOM SHOCKER,NA,2,1,NA,NA
BG,4/28/1999,BOOM SHOCKER,NA,2,1,NA,NA
BG,4/15/1999,BOOM SHOCKER,NA,2,1,NA,NA
BG,4/28/1999,BOOM SHOCKER,NA,2,2,NA,NA
BG,4/15/1999,BOOM SHOCKER,NA,2,2,NA,NA
BG,4/15/1999,BOOM SHOCKER,NA,2,2,NA,NA
BG,4/15/1999,BOOM SHOCKER,NA,2,2,NA,NA
BG,4/28/1999,BOOM SHOCKER,NA,2,2,NA,NA
BG,4/28/1999,BOOM SHOCKER,NA,2,2,NA,NA
BG,4/28/1999,BOOM SHOCKER,NA,2,2,NA,NA
BG,4/28/1999,BOOM SHOCKER,NA,2,3,NA,NA
BG,4/28/1999,BOOM SHOCKER,NA,2,3,NA,NA
BG,4/15/1999,BOOM SHOCKER,NA,2,NA,NA,NA
BG,4/15/1999,BOOM SHOCKER,NA,2.1,0,NA,NA
BG,4/15/1999,BOOM SHOCKER,NA,2.1,1,NA,NA
BG,4/15/1999,BOOM SHOCKER,NA,2.1,1,NA,NA
BG,4/15/1999,BOOM SHOCKER,NA,2.1,1,NA,NA
BG,4/15/1999,BOOM SHOCKER,NA,2.1,1,NA,NA
BG,4/15/1999,BOOM SHOCKER,NA,2.1,1,NA,NA
BG,4/15/1999,BOOM SHOCKER,NA,2.1,1,NA,NA
BG,4/15/1999,BOOM SHOCKER,NA,2.1,1,NA,NA
BG,4/28/1999,BOOM SHOCKER,NA,2.1,2,NA,NA
BG,4/28/1999,BOOM SHOCKER,NA,2.1,2,NA,NA
BG,4/28/1999,BOOM SHOCKER,NA,2.1,2,NA,NA
BG,4/28/1999,BOOM SHOCKER,NA,2.1,2,NA,NA
BG,4/15/1999,BOOM SHOCKER,NA,2.1,2,NA,NA
BG,4/15/1999,BOOM SHOCKER,NA,2.1,2,NA,NA
BG,4/28/1999,BOOM SHOCKER,NA,2.1,2,NA,NA
BG,4/28/1999,BOOM SHOCKER,NA,2.1,2,NA,NA
BG,4/28/1999,BOOM SHOCKER,NA,2.1,2,NA,NA
BG,4/15/1999,BOOM SHOCKER,NA,2.1,3,NA,NA
BG,4/28/1999,BOOM SHOCKER,NA,2.1,3,NA,NA
BG,4/28/1999,BOOM SHOCKER,NA,2.1,3,NA,NA
BG,4/15/1999,BOOM SHOCKER,NA,2.1,NA,NA,NA
BG,4/15/1999,BOOM SHOCKER,NA,2.1,NA,NA,NA
BG,4/15/1999,BOOM SHOCKER,NA,2.2,1,NA,NA
BG,4/15/1999,BOOM SHOCKER,NA,2.2,1,NA,NA
BG,4/15/1999,BOOM SHOCKER,NA,2.2,1,NA,NA
BG,4/15/1999,BOOM SHOCKER,NA,2.2,1,NA,NA
BG,4/15/1999,BOOM SHOCKER,NA,2.2,1,NA,NA
BG,4/28/1999,BOOM SHOCKER,NA,2.2,2,NA,NA
BG,4/28/1999,BOOM SHOCKER,NA,2.2,2,NA,NA
BG,4/28/1999,BOOM SHOCKER,NA,2.2,2,NA,NA
BG,4/15/1999,BOOM SHOCKER,NA,2.2,2,NA,NA
BG,4/28/1999,BOOM SHOCKER,NA,2.2,2,NA,NA
BG,4/28/1999,BOOM SHOCKER,NA,2.2,2,NA,NA
BG,4/15/1999,BOOM SHOCKER,NA,2.2,3,NA,NA
BG,4/15/1999,BOOM SHOCKER,NA,2.2,3,NA,NA
BG,4/15/1999,BOOM SHOCKER,NA,2.2,3,NA,NA
BG,4/15/1999,BOOM SHOCKER,NA,2.2,3,NA,NA
BG,4/15/1999,BOOM SHOCKER,NA,2.2,3,NA,NA
BG,4/15/1999,BOOM SHOCKER,NA,2.2,3,NA,NA
BG,4/15/1999,BOOM SHOCKER,NA,2.2,NA,NA,NA
BG,4/15/1999,BOOM SHOCKER,NA,2.3,1,NA,NA
BG,4/28/1999,BOOM SHOCKER,NA,2.3,2,NA,NA
BG,4/28/1999,BOOM SHOCKER,NA,2.3,2,NA,NA
BG,4/15/1999,BOOM SHOCKER,NA,2.3,2,NA,NA
BG,4/15/1999,BOOM SHOCKER,NA,2.3,2,NA,NA
BG,4/28/1999,BOOM SHOCKER,NA,2.3,2,NA,NA
BG,4/28/1999,BOOM SHOCKER,NA,2.3,2,NA,NA
BG,4/15/1999,BOOM SHOCKER,NA,2.3,3,NA,NA
BG,4/15/1999,BOOM SHOCKER,NA,2.3,3,NA,NA
BG,4/28/1999,BOOM SHOCKER,NA,2.3,3,NA,NA
BG,4/28/1999,BOOM SHOCKER,NA,2.3,3,NA,NA
BG,4/28/1999,BOOM SHOCKER,NA,2.3,3,NA,NA
BG,4/28/1999,BOOM SHOCKER,NA,2.3,3,NA,NA
BG,4/15/1999,BOOM SHOCKER,NA,2.3,4,NA,NA
BG,4/15/1999,BOOM SHOCKER,NA,2.3,4,NA,NA
BG,4/15/1999,BOOM SHOCKER,NA,2.3,NA,NA,NA
BG,4/15/1999,BOOM SHOCKER,NA,2.4,2,NA,NA
BG,4/28/1999,BOOM SHOCKER,NA,2.4,2,NA,NA
BG,4/28/1999,BOOM SHOCKER,NA,2.4,2,NA,NA
BG,4/15/1999,BOOM SHOCKER,NA,2.4,3,NA,NA
BG,4/15/1999,BOOM SHOCKER,NA,2.4,3,NA,NA
BG,4/15/1999,BOOM SHOCKER,NA,2.4,3,NA,NA
BG,4/28/1999,BOOM SHOCKER,NA,2.4,3,NA,NA
BG,4/15/1999,BOOM SHOCKER,NA,2.4,4,NA,NA
BG,4/15/1999,BOOM SHOCKER,NA,2.4,4,NA,NA
BG,4/28/1999,BOOM SHOCKER,NA,2.4,4,NA,NA
BG,4/28/1999,BOOM SHOCKER,NA,2.4,4,NA,NA
BG,4/28/1999,BOOM SHOCKER,NA,2.4,4,NA,NA
BG,4/15/1999,BOOM SHOCKER,NA,2.4,9,NA,NA
BG,4/15/1999,BOOM SHOCKER,NA,2.5,3,NA,NA
BG,4/15/1999,BOOM SHOCKER,NA,2.5,3,NA,NA
BG,4/15/1999,BOOM SHOCKER,NA,2.5,3,NA,NA
BG,4/15/1999,BOOM SHOCKER,NA,2.5,3,NA,NA
BG,4/15/1999,BOOM SHOCKER,NA,2.5,3,NA,NA
BG,4/15/1999,BOOM SHOCKER,NA,2.5,4,NA,NA
BG,4/15/1999,BOOM SHOCKER,NA,2.5,4,NA,NA
BG,4/28/1999,BOOM SHOCKER,NA,2.5,4,NA,NA
BG,4/28/1999,BOOM SHOCKER,NA,2.5,4,NA,NA
BG,4/28/1999,BOOM SHOCKER,NA,2.5,4,NA,NA
BG,4/28/1999,BOOM SHOCKER,NA,2.5,4,NA,NA
BG,4/28/1999,BOOM SHOCKER,NA,2.5,4,NA,NA
BG,4/28/1999,BOOM SHOCKER,NA,2.5,5,NA,NA
BG,4/28/1999,BOOM SHOCKER,NA,2.5,5,NA,NA
BG,4/28/1999,BOOM SHOCKER,NA,2.5,5,NA,NA
BG,4/15/1999,BOOM SHOCKER,NA,2.5,5,NA,NA
BG,4/15/1999,BOOM SHOCKER,NA,2.6,3,NA,NA
BG,4/28/1999,BOOM SHOCKER,NA,2.6,3,NA,NA
BG,4/15/1999,BOOM SHOCKER,NA,2.6,4,NA,NA
BG,4/15/1999,BOOM SHOCKER,NA,2.6,4,NA,NA
BG,4/28/1999,BOOM SHOCKER,NA,2.6,4,NA,NA
BG,4/15/1999,BOOM SHOCKER,NA,2.6,4,NA,NA
BG,4/15/1999,BOOM SHOCKER,NA,2.6,4,NA,NA
BG,4/28/1999,BOOM SHOCKER,NA,2.6,4,NA,NA
BG,4/28/1999,BOOM SHOCKER,NA,2.6,5,NA,NA
BG,4/28/1999,BOOM SHOCKER,NA,2.6,5,NA,NA
BG,4/28/1999,BOOM SHOCKER,NA,2.6,5,NA,NA
BG,4/15/1999,BOOM SHOCKER,NA,2.6,5,NA,NA
BG,4/15/1999,BOOM SHOCKER,NA,2.6,5,NA,NA
BG,4/28/1999,BOOM SHOCKER,NA,2.6,6,NA,NA
BG,4/15/1999,BOOM SHOCKER,NA,2.6,NA,NA,NA
BG,4/15/1999,BOOM SHOCKER,NA,2.6,NA,NA,NA
BG,4/15/1999,BOOM SHOCKER,NA,2.7,3,NA,NA
BG,4/15/1999,BOOM SHOCKER,NA,2.7,3,NA,NA
BG,4/15/1999,BOOM SHOCKER,NA,2.7,4,NA,NA
BG,4/28/1999,BOOM SHOCKER,NA,2.7,4,NA,NA
BG,4/28/1999,BOOM SHOCKER,NA,2.7,5,NA,NA
BG,4/15/1999,BOOM SHOCKER,NA,2.7,5,NA,NA
BG,4/28/1999,BOOM SHOCKER,NA,2.7,6,NA,NA
BG,4/28/1999,BOOM SHOCKER,NA,2.8,5,NA,NA
BG,4/15/1999,BOOM SHOCKER,NA,2.8,5,NA,NA
BG,4/15/1999,BOOM SHOCKER,NA,2.8,5,NA,NA
BG,4/15/1999,BOOM SHOCKER,NA,2.8,5,NA,NA
BG,4/28/1999,BOOM SHOCKER,NA,2.8,5,NA,NA
BG,4/28/1999,BOOM SHOCKER,NA,2.8,6,NA,NA
BG,4/28/1999,BOOM SHOCKER,NA,2.8,6,NA,NA
BG,4/15/1999,BOOM SHOCKER,NA,2.8,NA,NA,NA
BG,4/28/1999,BOOM SHOCKER,NA,2.9,4,NA,NA
BG,4/28/1999,BOOM SHOCKER,NA,2.9,5,NA,NA
BG,4/28/1999,BOOM SHOCKER,NA,2.9,5,NA,NA
BG,4/15/1999,BOOM SHOCKER,NA,2.9,5,NA,NA
BG,4/15/1999,BOOM SHOCKER,NA,2.9,5,NA,NA
BG,4/28/1999,BOOM SHOCKER,NA,2.9,6,NA,NA
BG,4/15/1999,BOOM SHOCKER,NA,2.9,6,NA,NA
BG,4/15/1999,BOOM SHOCKER,NA,2.9,6,NA,NA
BG,4/28/1999,BOOM SHOCKER,NA,2.9,6,NA,NA
BG,4/28/1999,BOOM SHOCKER,NA,2.9,7,NA,NA
BG,4/15/1999,BOOM SHOCKER,NA,3,5,NA,NA
BG,4/15/1999,BOOM SHOCKER,NA,3,6,NA,NA
BG,4/15/1999,BOOM SHOCKER,NA,3,6,NA,NA
BG,4/15/1999,BOOM SHOCKER,NA,3,7,NA,NA
BG,4/15/1999,BOOM SHOCKER,NA,3,7,NA,NA
BG,4/28/1999,BOOM SHOCKER,NA,3,7,NA,NA
BG,4/28/1999,BOOM SHOCKER,NA,3,8,NA,NA
BG,4/28/1999,BOOM SHOCKER,NA,3,8,NA,NA
BG,4/15/1999,BOOM SHOCKER,NA,3,NA,NA,NA
BG,4/15/1999,BOOM SHOCKER,NA,3,NA,NA,NA
BG,4/15/1999,BOOM SHOCKER,NA,3.1,7,NA,NA
BG,4/15/1999,BOOM SHOCKER,NA,3.1,7,NA,NA
BG,4/15/1999,BOOM SHOCKER,NA,3.1,7,NA,NA
BG,4/15/1999,BOOM SHOCKER,NA,3.1,7,NA,NA
BG,4/28/1999,BOOM SHOCKER,NA,3.1,7,NA,NA
BG,4/28/1999,BOOM SHOCKER,NA,3.1,7,NA,NA
BG,4/28/1999,BOOM SHOCKER,NA,3.1,7,NA,NA
BG,4/15/1999,BOOM SHOCKER,NA,3.2,8,NA,NA
BG,4/15/1999,BOOM SHOCKER,NA,3.2,NA,NA,NA
BG,4/15/1999,BOOM SHOCKER,NA,3.3,8,NA,NA
BG,4/28/1999,BOOM SHOCKER,NA,3.3,8,NA,NA
BG,4/15/1999,BOOM SHOCKER,NA,3.3,10,NA,NA
BG,4/15/1999,BOOM SHOCKER,NA,3.3,10,NA,NA
BG,4/15/1999,BOOM SHOCKER,NA,3.3,11,NA,NA
BG,4/15/1999,BOOM SHOCKER,NA,3.3,14,NA,NA
BG,4/15/1999,BOOM SHOCKER,NA,3.3,NA,NA,NA
BG,4/15/1999,BOOM SHOCKER,NA,3.3,NA,NA,NA
BG,4/28/1999,BOOM SHOCKER,NA,3.4,7,NA,NA
BG,4/15/1999,BOOM SHOCKER,NA,3.4,9,NA,NA
BG,4/15/1999,BOOM SHOCKER,NA,3.4,10,NA,NA
BG,4/15/1999,BOOM SHOCKER,NA,3.4,11,NA,NA
BG,4/15/1999,BOOM SHOCKER,NA,3.4,11,NA,NA
BG,4/28/1999,BOOM SHOCKER,NA,3.4,11,NA,NA
BG,4/28/1999,BOOM SHOCKER,NA,3.4,12,NA,NA
BG,4/15/1999,BOOM SHOCKER,NA,3.4,NA,NA,NA
BG,4/15/1999,BOOM SHOCKER,NA,3.4,NA,NA,NA
BG,4/15/1999,BOOM SHOCKER,NA,3.5,11,NA,NA
BG,4/15/1999,BOOM SHOCKER,NA,3.5,12,NA,NA
BG,4/15/1999,BOOM SHOCKER,NA,3.5,12,NA,NA
BG,4/28/1999,BOOM SHOCKER,NA,3.5,12,NA,NA
BG,4/15/1999,BOOM SHOCKER,NA,3.5,14,NA,NA
BG,4/15/1999,BOOM SHOCKER,NA,3.5,NA,NA,NA
BG,4/28/1999,BOOM SHOCKER,NA,3.6,11,NA,NA
BG,4/15/1999,BOOM SHOCKER,NA,3.6,12,NA,NA
BG,4/15/1999,BOOM SHOCKER,NA,3.6,12,NA,NA
BG,4/28/1999,BOOM SHOCKER,NA,3.6,12,NA,NA
BG,4/28/1999,BOOM SHOCKER,NA,3.6,12,NA,NA
BG,4/28/1999,BOOM SHOCKER,NA,3.6,13,NA,NA
BG,4/15/1999,BOOM SHOCKER,NA,3.6,15,NA,NA
BG,4/28/1999,BOOM SHOCKER,NA,3.6,15,NA,NA
BG,4/15/1999,BOOM SHOCKER,NA,3.6,NA,NA,NA
BG,4/15/1999,BOOM SHOCKER,NA,3.6,NA,NA,NA
BG,4/15/1999,BOOM SHOCKER,NA,3.6,NA,NA,NA
BG,4/15/1999,BOOM SHOCKER,NA,3.6,NA,NA,NA
BG,4/5/1999,FYKE NET,NA,3.7,11,NA,NA
BG,4/15/1999,BOOM SHOCKER,NA,3.7,12,NA,NA
BG,4/15/1999,BOOM SHOCKER,NA,3.7,12,NA,NA
BG,4/15/1999,BOOM SHOCKER,NA,3.7,13,NA,NA
BG,4/28/1999,BOOM SHOCKER,NA,3.7,18,NA,NA
BG,4/15/1999,BOOM SHOCKER,NA,3.8,14,NA,NA
BG,4/15/1999,BOOM SHOCKER,NA,3.8,14,NA,NA
BG,4/15/1999,BOOM SHOCKER,NA,3.8,14,NA,NA
BG,4/15/1999,BOOM SHOCKER,NA,3.8,16,NA,NA
BG,4/15/1999,BOOM SHOCKER,NA,3.8,18,NA,NA
BG,4/15/1999,BOOM SHOCKER,NA,3.8,18,NA,NA
BG,4/15/1999,BOOM SHOCKER,NA,3.8,NA,NA,NA
BG,4/5/1999,FYKE NET,NA,3.9,13,NA,NA
BG,4/15/1999,BOOM SHOCKER,NA,3.9,13,NA,NA
BG,4/15/1999,BOOM SHOCKER,NA,3.9,14,NA,NA
BG,4/15/1999,BOOM SHOCKER,NA,3.9,14,NA,NA
BG,4/15/1999,BOOM SHOCKER,NA,3.9,15,NA,NA
BG,4/15/1999,BOOM SHOCKER,NA,3.9,15,NA,NA
BG,4/15/1999,BOOM SHOCKER,NA,3.9,15,NA,NA
BG,4/1/1999,FYKE NET,NA,4,12,2,SCALE
BG,4/15/1999,BOOM SHOCKER,NA,4,15,NA,NA
BG,4/15/1999,BOOM SHOCKER,NA,4,16,NA,NA
BG,4/15/1999,BOOM SHOCKER,NA,4,16,NA,NA
BG,4/28/1999,BOOM SHOCKER,NA,4,17,NA,NA
BG,4/15/1999,BOOM SHOCKER,NA,4,18,NA,NA
BG,4/15/1999,BOOM SHOCKER,NA,4,18,NA,NA
BG,4/15/1999,BOOM SHOCKER,NA,4,NA,NA,NA
BG,3/31/1999,FYKE NET,NA,4.1,17,2,SCALE
BG,4/1/1999,FYKE NET,NA,4.1,17,2,SCALE
BG,4/5/1999,FYKE NET,NA,4.1,17,NA,NA
BG,3/31/1999,FYKE NET,NA,4.1,19,2,SCALE
BG,4/5/1999,FYKE NET,NA,4.1,19,NA,NA
BG,4/5/1999,FYKE NET,NA,4.1,19,NA,NA
BG,4/15/1999,BOOM SHOCKER,NA,4.1,19,NA,NA
BG,4/1/1999,FYKE NET,NA,4.1,21,3,SCALE
BG,4/1/1999,FYKE NET,NA,4.1,NA,NA,NA
BG,4/1/1999,FYKE NET,NA,4.1,NA,NA,NA
BG,4/15/1999,BOOM SHOCKER,NA,4.1,NA,NA,NA
BG,4/7/1999,FYKE NET,NA,4.2,16,3,SCALE
BG,4/15/1999,BOOM SHOCKER,NA,4.2,17,NA,NA
BG,4/28/1999,BOOM SHOCKER,NA,4.2,17,NA,NA
BG,3/31/1999,FYKE NET,NA,4.2,18,2,SCALE
BG,4/6/1999,FYKE NET,NA,4.2,19,NA,NA
BG,4/15/1999,BOOM SHOCKER,NA,4.2,19,NA,NA
BG,4/28/1999,BOOM SHOCKER,NA,4.2,19,NA,NA
BG,4/15/1999,BOOM SHOCKER,NA,4.2,20,NA,NA
BG,4/6/1999,FYKE NET,NA,4.2,21,NA,NA
BG,4/1/1999,FYKE NET,NA,4.2,22,2,SCALE
BG,4/28/1999,BOOM SHOCKER,NA,4.2,25,NA,NA
BG,4/6/1999,FYKE NET,NA,4.2,26,NA,NA
BG,3/31/1999,FYKE NET,NA,4.2,NA,NA,NA
BG,4/1/1999,FYKE NET,NA,4.2,NA,NA,NA
BG,4/1/1999,FYKE NET,NA,4.2,NA,NA,NA
BG,4/1/1999,FYKE NET,NA,4.2,NA,NA,NA
BG,4/6/1999,FYKE NET,NA,4.2,NA,NA,NA
BG,4/15/1999,BOOM SHOCKER,NA,4.2,NA,NA,NA
BG,4/5/1999,FYKE NET,NA,4.3,18,NA,NA
BG,4/2/1999,FYKE NET,NA,4.3,19,2,SCALE
BG,4/5/1999,FYKE NET,NA,4.3,19,NA,NA
BG,4/15/1999,BOOM SHOCKER,NA,4.3,20,NA,NA
BG,4/15/1999,BOOM SHOCKER,NA,4.3,20,NA,NA
BG,4/15/1999,BOOM SHOCKER,NA,4.3,20,NA,NA
BG,3/31/1999,FYKE NET,NA,4.3,22,2,SCALE
BG,4/5/1999,FYKE NET,NA,4.3,22,NA,NA
BG,4/15/1999,BOOM SHOCKER,NA,4.3,23,NA,NA
BG,4/28/1999,BOOM SHOCKER,NA,4.3,24,NA,NA
BG,3/31/1999,FYKE NET,NA,4.3,NA,NA,NA
BG,4/2/1999,FYKE NET,NA,4.3,NA,NA,NA
BG,4/5/1999,FYKE NET,NA,4.3,NA,NA,NA
BG,4/7/1999,FYKE NET,NA,4.4,19,3,SCALE
BG,4/7/1999,FYKE NET,NA,4.4,19,NA,NA
BG,4/2/1999,FYKE NET,NA,4.4,20,2,SCALE
BG,4/5/1999,FYKE NET,NA,4.4,20,NA,NA
BG,4/15/1999,BOOM SHOCKER,NA,4.4,20,NA,NA
BG,4/1/1999,FYKE NET,NA,4.4,21,2,SCALE
BG,4/15/1999,BOOM SHOCKER,NA,4.4,22,NA,NA
BG,4/15/1999,BOOM SHOCKER,NA,4.4,22,NA,NA
BG,3/31/1999,FYKE NET,NA,4.4,23,2,SCALE
BG,4/1/1999,FYKE NET,NA,4.4,23,2,SCALE
BG,4/5/1999,FYKE NET,NA,4.4,23,NA,NA
BG,4/15/1999,BOOM SHOCKER,NA,4.4,23,NA,NA
BG,4/15/1999,BOOM SHOCKER,NA,4.4,23,NA,NA
BG,4/28/1999,BOOM SHOCKER,NA,4.4,23,NA,NA
BG,4/28/1999,BOOM SHOCKER,NA,4.4,24,NA,NA
BG,4/15/1999,BOOM SHOCKER,NA,4.4,25,NA,NA
BG,4/6/1999,FYKE NET,NA,4.4,27,NA,NA
BG,3/31/1999,FYKE NET,NA,4.4,NA,NA,NA
BG,4/1/1999,FYKE NET,NA,4.4,NA,NA,NA
BG,4/1/1999,FYKE NET,NA,4.4,NA,NA,NA
BG,4/1/1999,FYKE NET,NA,4.4,NA,NA,NA
BG,4/1/1999,FYKE NET,NA,4.4,NA,NA,NA
BG,4/1/1999,FYKE NET,NA,4.4,NA,NA,NA
BG,4/5/1999,FYKE NET,NA,4.4,NA,NA,NA
BG,3/31/1999,FYKE NET,NA,4.5,23,NA,NA
BG,4/2/1999,FYKE NET,NA,4.5,23,3,SCALE
BG,4/15/1999,BOOM SHOCKER,NA,4.5,24,NA,NA
BG,3/31/1999,FYKE NET,NA,4.5,26,NA,NA
BG,3/31/1999,FYKE NET,NA,4.5,27,2,SCALE
BG,3/31/1999,FYKE NET,NA,4.5,30,3,SCALE
BG,4/15/1999,BOOM SHOCKER,NA,4.5,30,NA,NA
BG,4/28/1999,BOOM SHOCKER,NA,4.5,30,NA,NA
BG,3/31/1999,FYKE NET,NA,4.5,NA,NA,NA
BG,3/31/1999,FYKE NET,NA,4.5,NA,NA,NA
BG,4/1/1999,FYKE NET,NA,4.5,NA,NA,NA
BG,4/1/1999,FYKE NET,NA,4.5,NA,NA,NA
BG,4/1/1999,FYKE NET,NA,4.5,NA,NA,NA
BG,4/1/1999,FYKE NET,NA,4.5,NA,NA,NA
BG,4/1/1999,FYKE NET,NA,4.5,NA,NA,NA
BG,4/2/1999,FYKE NET,NA,4.5,NA,NA,NA
BG,4/15/1999,BOOM SHOCKER,NA,4.5,NA,NA,NA
BG,4/5/1999,FYKE NET,NA,4.6,20,NA,NA
BG,4/1/1999,FYKE NET,NA,4.6,22,2,SCALE
BG,4/2/1999,FYKE NET,NA,4.6,24,3,SCALE
BG,4/28/1999,BOOM SHOCKER,NA,4.6,24,NA,NA
BG,4/28/1999,BOOM SHOCKER,NA,4.6,24,NA,NA
BG,4/6/1999,FYKE NET,NA,4.6,25,NA,NA
BG,4/7/1999,FYKE NET,NA,4.6,26,3,SCALE
BG,4/7/1999,FYKE NET,NA,4.6,26,NA,NA
BG,4/7/1999,FYKE NET,NA,4.6,26,NA,NA
BG,4/15/1999,BOOM SHOCKER,NA,4.6,26,NA,NA
BG,4/15/1999,BOOM SHOCKER,NA,4.6,27,NA,NA
BG,4/15/1999,BOOM SHOCKER,NA,4.6,27,NA,NA
BG,4/15/1999,BOOM SHOCKER,NA,4.6,27,NA,NA
BG,4/28/1999,BOOM SHOCKER,NA,4.6,27,NA,NA
BG,3/31/1999,FYKE NET,NA,4.6,28,4,SCALE
BG,3/31/1999,FYKE NET,NA,4.6,28,NA,NA
BG,4/2/1999,FYKE NET,NA,4.6,28,3,SCALE
BG,4/28/1999,BOOM SHOCKER,NA,4.6,30,NA,NA
BG,4/28/1999,BOOM SHOCKER,NA,4.6,31,NA,NA
BG,4/5/1999,FYKE NET,NA,4.6,37,NA,NA
BG,3/31/1999,FYKE NET,NA,4.6,NA,NA,NA
BG,4/1/1999,FYKE NET,NA,4.6,NA,NA,NA
BG,4/1/1999,FYKE NET,NA,4.6,NA,NA,NA
BG,4/1/1999,FYKE NET,NA,4.6,NA,NA,NA
BG,4/1/1999,FYKE NET,NA,4.6,NA,NA,NA
BG,4/1/1999,FYKE NET,NA,4.6,NA,NA,NA
BG,4/5/1999,FYKE NET,NA,4.6,NA,NA,NA
BG,4/15/1999,BOOM SHOCKER,NA,4.6,NA,NA,NA
BG,4/6/1999,FYKE NET,NA,4.7,21,NA,NA
BG,4/6/1999,FYKE NET,NA,4.7,24,NA,NA
BG,4/6/1999,FYKE NET,NA,4.7,25,3,SCALE
BG,4/7/1999,FYKE NET,NA,4.7,25,3,SCALE
BG,4/1/1999,FYKE NET,NA,4.7,26,3,SCALE
BG,4/7/1999,FYKE NET,NA,4.7,28,3,SCALE
BG,4/15/1999,BOOM SHOCKER,NA,4.7,28,NA,NA
BG,4/1/1999,FYKE NET,NA,4.7,29,3,SCALE
BG,3/31/1999,FYKE NET,NA,4.7,30,3,SCALE
BG,4/1/1999,FYKE NET,NA,4.7,31,3,SCALE
BG,4/5/1999,FYKE NET,NA,4.7,33,NA,NA
BG,4/7/1999,FYKE NET,NA,4.7,34,NA,NA
BG,3/31/1999,FYKE NET,NA,4.7,NA,NA,NA
BG,3/31/1999,FYKE NET,NA,4.7,NA,NA,NA
BG,4/1/1999,FYKE NET,NA,4.7,NA,NA,NA
BG,4/1/1999,FYKE NET,NA,4.7,NA,NA,NA
BG,4/1/1999,FYKE NET,NA,4.7,NA,NA,NA
BG,4/1/1999,FYKE NET,NA,4.7,NA,NA,NA
BG,4/1/1999,FYKE NET,NA,4.7,NA,NA,NA
BG,4/1/1999,FYKE NET,NA,4.7,NA,NA,NA
BG,4/1/1999,FYKE NET,NA,4.7,NA,NA,NA
BG,4/15/1999,BOOM SHOCKER,NA,4.7,NA,NA,NA
BG,4/15/1999,BOOM SHOCKER,NA,4.7,NA,NA,NA
BG,4/1/1999,FYKE NET,NA,4.8,26,4,SCALE
BG,3/31/1999,FYKE NET,NA,4.8,28,3,SCALE
BG,4/6/1999,FYKE NET,NA,4.8,28,NA,NA
BG,3/31/1999,FYKE NET,NA,4.8,29,3,SCALE
BG,4/6/1999,FYKE NET,NA,4.8,29,NA,NA
BG,4/15/1999,BOOM SHOCKER,NA,4.8,30,NA,NA
BG,4/15/1999,BOOM SHOCKER,NA,4.8,30,NA,NA
BG,4/15/1999,BOOM SHOCKER,NA,4.8,31,NA,NA
BG,4/6/1999,FYKE NET,NA,4.8,32,NA,NA
BG,4/15/1999,BOOM SHOCKER,NA,4.8,32,NA,NA
BG,4/7/1999,FYKE NET,NA,4.8,33,3,SCALE
BG,4/5/1999,FYKE NET,NA,4.8,35,NA,NA
BG,4/28/1999,BOOM SHOCKER,NA,4.8,35,NA,NA
BG,3/31/1999,FYKE NET,NA,4.8,40,3,SCALE
BG,3/31/1999,FYKE NET,NA,4.8,NA,NA,NA
BG,4/1/1999,FYKE NET,NA,4.8,NA,NA,NA
BG,4/1/1999,FYKE NET,NA,4.8,NA,NA,NA
BG,4/1/1999,FYKE NET,NA,4.8,NA,NA,NA
BG,4/1/1999,FYKE NET,NA,4.8,NA,NA,NA
BG,4/1/1999,FYKE NET,NA,4.8,NA,NA,NA
BG,4/15/1999,BOOM SHOCKER,NA,4.8,NA,NA,NA
BG,4/15/1999,BOOM SHOCKER,NA,4.8,NA,NA,NA
BG,3/31/1999,FYKE NET,NA,4.9,25,NA,NA
BG,4/6/1999,FYKE NET,NA,4.9,28,3,SCALE
BG,4/7/1999,FYKE NET,NA,4.9,29,NA,NA
BG,4/15/1999,BOOM SHOCKER,NA,4.9,29,NA,NA
BG,3/31/1999,FYKE NET,NA,4.9,30,NA,NA
BG,4/7/1999,FYKE NET,NA,4.9,30,3,SCALE
BG,4/15/1999,BOOM SHOCKER,NA,4.9,30,NA,NA
BG,4/15/1999,BOOM SHOCKER,NA,4.9,30,NA,NA
BG,4/1/1999,FYKE NET,NA,4.9,31,3,SCALE
BG,4/28/1999,BOOM SHOCKER,NA,4.9,31,NA,NA
BG,4/1/1999,FYKE NET,NA,4.9,32,3,SCALE
BG,4/1/1999,FYKE NET,NA,4.9,32,3,SCALE
BG,3/31/1999,FYKE NET,NA,4.9,34,3,SCALE
BG,4/28/1999,BOOM SHOCKER,NA,4.9,34,NA,NA
BG,4/5/1999,FYKE NET,NA,4.9,35,NA,NA
BG,4/2/1999,FYKE NET,NA,4.9,NA,3,SCALE
BG,4/2/1999,FYKE NET,NA,4.9,NA,3,SCALE
BG,4/15/1999,BOOM SHOCKER,NA,4.9,NA,NA,NA
BG,4/6/1999,FYKE NET,NA,5,26,NA,NA
BG,4/2/1999,FYKE NET,NA,5,27,4,SCALE
BG,3/31/1999,FYKE NET,NA,5,29,3,SCALE
BG,4/2/1999,FYKE NET,NA,5,29,3,SCALE
BG,3/31/1999,FYKE NET,NA,5,31,3,SCALE
BG,4/15/1999,BOOM SHOCKER,NA,5,31,NA,NA
BG,4/15/1999,BOOM SHOCKER,NA,5,31,NA,NA
BG,4/7/1999,FYKE NET,NA,5,32,NA,NA
BG,4/7/1999,FYKE NET,NA,5,33,NA,NA
BG,4/2/1999,FYKE NET,NA,5,34,3,SCALE
BG,3/31/1999,FYKE NET,NA,5,37,4,SCALE
BG,4/15/1999,BOOM SHOCKER,NA,5,37,NA,NA
BG,4/28/1999,BOOM SHOCKER,NA,5,37,NA,NA
BG,4/5/1999,FYKE NET,NA,5,38,NA,NA
BG,4/7/1999,FYKE NET,NA,5,41,3,SCALE
BG,3/31/1999,FYKE NET,NA,5,NA,NA,NA
BG,3/31/1999,FYKE NET,NA,5,NA,NA,NA
BG,4/1/1999,FYKE NET,NA,5,NA,NA,NA
BG,4/1/1999,FYKE NET,NA,5,NA,NA,NA
BG,4/1/1999,FYKE NET,NA,5,NA,NA,NA
BG,4/15/1999,BOOM SHOCKER,NA,5,NA,NA,NA
BG,4/15/1999,BOOM SHOCKER,NA,5,NA,NA,NA
BG,4/15/1999,BOOM SHOCKER,NA,5,NA,NA,NA
BG,4/15/1999,BOOM SHOCKER,NA,5,NA,NA,NA
BG,4/1/1999,FYKE NET,NA,5.1,32,3,SCALE
BG,4/2/1999,FYKE NET,NA,5.1,34,3,SCALE
BG,4/6/1999,FYKE NET,NA,5.1,37,NA,NA
BG,4/7/1999,FYKE NET,NA,5.1,39,3,SCALE
BG,4/6/1999,FYKE NET,NA,5.1,41,NA,NA
BG,4/5/1999,FYKE NET,NA,5.1,43,NA,NA
BG,3/31/1999,FYKE NET,NA,5.1,NA,NA,NA
BG,4/1/1999,FYKE NET,NA,5.1,NA,NA,NA
BG,4/1/1999,FYKE NET,NA,5.1,NA,NA,NA
BG,4/5/1999,FYKE NET,NA,5.1,NA,NA,NA
BG,4/15/1999,BOOM SHOCKER,NA,5.1,NA,NA,NA
BG,4/7/1999,FYKE NET,NA,5.2,32,NA,NA
BG,4/2/1999,FYKE NET,NA,5.2,33,4,SCALE
BG,4/2/1999,FYKE NET,NA,5.2,34,3,SCALE
BG,4/1/1999,FYKE NET,NA,5.2,36,3,SCALE
BG,4/6/1999,FYKE NET,NA,5.2,37,4,SCALE
BG,4/15/1999,BOOM SHOCKER,NA,5.2,37,NA,NA
BG,4/6/1999,FYKE NET,NA,5.2,40,3,SCALE
BG,4/7/1999,FYKE NET,NA,5.2,40,3,SCALE
BG,4/15/1999,BOOM SHOCKER,NA,5.2,40,NA,NA
BG,4/5/1999,FYKE NET,NA,5.2,42,NA,NA
BG,4/28/1999,BOOM SHOCKER,NA,5.2,43,NA,NA
BG,4/7/1999,FYKE NET,NA,5.2,44,4,SCALE
BG,4/28/1999,BOOM SHOCKER,NA,5.2,46,NA,NA
BG,4/7/1999,FYKE NET,NA,5.2,47,4,SCALE
BG,4/1/1999,FYKE NET,NA,5.2,NA,NA,NA
BG,4/1/1999,FYKE NET,NA,5.2,NA,NA,NA
BG,4/1/1999,FYKE NET,NA,5.2,NA,NA,NA
BG,4/1/1999,FYKE NET,NA,5.2,NA,NA,NA
BG,4/1/1999,FYKE NET,NA,5.2,NA,NA,NA
BG,4/5/1999,FYKE NET,NA,5.2,NA,NA,NA
BG,4/5/1999,FYKE NET,NA,5.2,NA,NA,NA
BG,4/15/1999,BOOM SHOCKER,NA,5.2,NA,NA,NA
BG,4/15/1999,BOOM SHOCKER,NA,5.2,NA,NA,NA
BG,4/15/1999,BOOM SHOCKER,NA,5.2,NA,NA,NA
BG,4/15/1999,BOOM SHOCKER,NA,5.3,36,NA,NA
BG,4/6/1999,FYKE NET,NA,5.3,42,NA,NA
BG,3/31/1999,FYKE NET,NA,5.3,43,3,SCALE
BG,4/15/1999,BOOM SHOCKER,NA,5.3,45,NA,NA
BG,4/1/1999,FYKE NET,NA,5.3,46,NA,SCALE
BG,4/15/1999,BOOM SHOCKER,NA,5.3,46,NA,NA
BG,4/2/1999,FYKE NET,NA,5.3,47,3,SCALE
BG,4/2/1999,FYKE NET,NA,5.3,53,3,SCALE
BG,3/31/1999,FYKE NET,NA,5.3,NA,NA,NA
BG,4/1/1999,FYKE NET,NA,5.3,NA,NA,NA
BG,4/1/1999,FYKE NET,NA,5.4,38,3,SCALE
BG,4/6/1999,FYKE NET,NA,5.4,42,NA,NA
BG,4/2/1999,FYKE NET,NA,5.4,46,3,SCALE
BG,4/28/1999,BOOM SHOCKER,NA,5.4,46,NA,NA
BG,4/28/1999,BOOM SHOCKER,NA,5.4,49,NA,NA
BG,4/7/1999,FYKE NET,NA,5.4,51,NA,NA
BG,4/1/1999,FYKE NET,NA,5.4,53,3,SCALE
BG,4/5/1999,FYKE NET,NA,5.4,56,NA,NA
BG,4/2/1999,FYKE NET,NA,5.5,45,4,SCALE
BG,4/15/1999,BOOM SHOCKER,NA,5.5,46,NA,NA
BG,4/7/1999,FYKE NET,NA,5.5,47,NA,NA
BG,3/31/1999,FYKE NET,NA,5.5,50,3,SCALE
BG,4/28/1999,BOOM SHOCKER,NA,5.5,59,NA,NA
BG,3/31/1999,FYKE NET,NA,5.5,NA,NA,NA
BG,3/31/1999,FYKE NET,NA,5.5,NA,NA,NA
BG,3/31/1999,FYKE NET,NA,5.5,NA,NA,NA
BG,3/31/1999,FYKE NET,NA,5.5,NA,NA,NA
BG,4/1/1999,FYKE NET,NA,5.5,NA,NA,NA
BG,4/1/1999,FYKE NET,NA,5.5,NA,NA,NA
BG,4/5/1999,FYKE NET,NA,5.5,NA,NA,NA
BG,4/15/1999,BOOM SHOCKER,NA,5.5,NA,NA,NA
BG,4/1/1999,FYKE NET,NA,5.6,43,4,NA
BG,4/6/1999,FYKE NET,NA,5.6,50,NA,NA
BG,4/7/1999,FYKE NET,NA,5.6,50,NA,NA
BG,4/2/1999,FYKE NET,NA,5.6,51,3,SCALE
BG,4/7/1999,FYKE NET,NA,5.6,51,NA,NA
BG,4/28/1999,BOOM SHOCKER,NA,5.6,58,NA,NA
BG,4/15/1999,BOOM SHOCKER,NA,5.6,59,NA,NA
BG,4/6/1999,FYKE NET,NA,5.6,62,NA,NA
BG,3/31/1999,FYKE NET,NA,5.6,NA,NA,NA
BG,4/1/1999,FYKE NET,NA,5.6,NA,NA,NA
BG,4/1/1999,FYKE NET,NA,5.6,NA,NA,NA
BG,4/1/1999,FYKE NET,NA,5.6,NA,NA,NA
BG,4/5/1999,FYKE NET,NA,5.6,NA,NA,NA
BG,4/5/1999,FYKE NET,NA,5.6,NA,NA,NA
BG,4/7/1999,FYKE NET,NA,5.7,49,NA,NA
BG,4/1/1999,FYKE NET,NA,5.7,52,3,SCALE
BG,4/15/1999,BOOM SHOCKER,NA,5.7,52,NA,NA
BG,4/15/1999,BOOM SHOCKER,NA,5.7,52,NA,NA
BG,3/31/1999,FYKE NET,NA,5.7,54,3,SCALE
BG,3/31/1999,FYKE NET,NA,5.7,55,4,SCALE
BG,3/31/1999,FYKE NET,NA,5.7,56,3,SCALE
BG,4/15/1999,BOOM SHOCKER,NA,5.7,60,NA,NA
BG,4/5/1999,FYKE NET,NA,5.7,75,NA,NA
BG,4/1/1999,FYKE NET,NA,5.8,47,3,SCALE
BG,3/31/1999,FYKE NET,NA,5.8,49,NA,NA
BG,4/6/1999,FYKE NET,NA,5.8,51,3,SCALE
BG,4/5/1999,FYKE NET,NA,5.8,52,NA,NA
BG,4/2/1999,FYKE NET,NA,5.8,56,4,SCALE
BG,4/2/1999,FYKE NET,NA,5.8,56,4,SCALE
BG,4/6/1999,FYKE NET,NA,5.8,56,3,SCALE
BG,4/1/1999,FYKE NET,NA,5.8,64,4,SCALE
BG,3/31/1999,FYKE NET,NA,5.8,NA,NA,NA
BG,4/1/1999,FYKE NET,NA,5.8,NA,NA,NA
BG,4/2/1999,FYKE NET,NA,5.8,NA,NA,NA
BG,4/5/1999,FYKE NET,NA,5.9,52,NA,NA
BG,4/1/1999,FYKE NET,NA,5.9,54,4,SCALE
BG,3/31/1999,FYKE NET,NA,5.9,59,NA,NA
BG,3/31/1999,FYKE NET,NA,5.9,60,3,SCALE
BG,3/31/1999,FYKE NET,NA,5.9,62,4,SCALE
BG,4/1/1999,FYKE NET,NA,5.9,62,3,SCALE
BG,3/31/1999,FYKE NET,NA,5.9,63,4,SCALE
BG,4/7/1999,FYKE NET,NA,5.9,64,4,SCALE
BG,4/5/1999,FYKE NET,NA,5.9,68,NA,NA
BG,4/1/1999,FYKE NET,NA,5.9,NA,NA,NA
BG,4/6/1999,FYKE NET,NA,6,56,NA,NA
BG,3/31/1999,FYKE NET,NA,6,57,NA,NA
BG,4/7/1999,FYKE NET,NA,6,59,4,SCALE
BG,3/31/1999,FYKE NET,NA,6,60,NA,NA
BG,4/1/1999,FYKE NET,NA,6,61,5,SCALE
BG,4/1/1999,FYKE NET,NA,6,64,4,SCALE
BG,4/7/1999,FYKE NET,NA,6,71,NA,NA
BG,4/15/1999,BOOM SHOCKER,NA,6,72,NA,NA
BG,4/5/1999,FYKE NET,NA,6,79,NA,NA
BG,4/28/1999,BOOM SHOCKER,NA,6,81,NA,NA
BG,4/5/1999,FYKE NET,NA,6,85,NA,NA
BG,3/31/1999,FYKE NET,NA,6,NA,NA,NA
BG,4/1/1999,FYKE NET,NA,6,NA,NA,NA
BG,4/1/1999,FYKE NET,NA,6,NA,NA,NA
BG,4/1/1999,FYKE NET,NA,6,NA,NA,NA
BG,4/2/1999,FYKE NET,NA,6,NA,NA,NA
BG,4/15/1999,BOOM SHOCKER,NA,6,NA,NA,NA
BG,4/15/1999,BOOM SHOCKER,NA,6.1,61,NA,NA
BG,4/15/1999,BOOM SHOCKER,NA,6.1,63,NA,NA
BG,4/6/1999,FYKE NET,NA,6.1,66,4,SCALE
BG,4/7/1999,FYKE NET,NA,6.1,72,5,SCALE
BG,4/28/1999,BOOM SHOCKER,NA,6.1,74,NA,NA
BG,4/28/1999,BOOM SHOCKER,NA,6.1,75,NA,NA
BG,4/5/1999,FYKE NET,NA,6.1,85,NA,NA
BG,4/1/1999,FYKE NET,NA,6.1,NA,NA,NA
BG,4/1/1999,FYKE NET,NA,6.1,NA,NA,NA
BG,4/1/1999,FYKE NET,NA,6.1,NA,NA,NA
BG,4/1/1999,FYKE NET,NA,6.1,NA,NA,NA
BG,4/1/1999,FYKE NET,NA,6.1,NA,NA,NA
BG,4/5/1999,FYKE NET,NA,6.1,NA,NA,NA
BG,4/15/1999,BOOM SHOCKER,NA,6.2,63,NA,NA
BG,4/1/1999,FYKE NET,NA,6.2,65,4,SCALE
BG,4/1/1999,FYKE NET,NA,6.2,66,NA,NA
BG,4/1/1999,FYKE NET,NA,6.2,67,4,NA
BG,4/2/1999,FYKE NET,NA,6.2,68,8,SCALE
BG,4/6/1999,FYKE NET,NA,6.2,70,NA,NA
BG,4/2/1999,FYKE NET,NA,6.2,73,7,SCALE
BG,3/31/1999,FYKE NET,NA,6.2,NA,NA,NA
BG,4/1/1999,FYKE NET,NA,6.2,NA,NA,NA
BG,4/1/1999,FYKE NET,NA,6.2,NA,NA,NA
BG,4/1/1999,FYKE NET,NA,6.2,NA,NA,NA
BG,4/1/1999,FYKE NET,NA,6.3,74,5,SCALE
BG,4/15/1999,BOOM SHOCKER,NA,6.3,77,NA,NA
BG,4/6/1999,FYKE NET,NA,6.3,78,4,SCALE
BG,4/2/1999,FYKE NET,NA,6.3,79,3,SCALE
BG,4/15/1999,BOOM SHOCKER,NA,6.3,79,NA,NA
BG,3/31/1999,FYKE NET,NA,6.3,NA,NA,NA
BG,3/31/1999,FYKE NET,NA,6.3,NA,NA,NA
BG,4/1/1999,FYKE NET,NA,6.3,NA,NA,NA
BG,4/5/1999,FYKE NET,NA,6.3,NA,NA,NA
BG,4/15/1999,BOOM SHOCKER,NA,6.3,NA,NA,NA
BG,4/15/1999,BOOM SHOCKER,NA,6.4,66,NA,NA
BG,4/2/1999,FYKE NET,NA,6.4,75,4,SCALE
BG,4/15/1999,BOOM SHOCKER,NA,6.4,76,NA,NA
BG,4/15/1999,BOOM SHOCKER,NA,6.4,77,NA,NA
BG,4/7/1999,FYKE NET,NA,6.4,78,4,SCALE
BG,3/31/1999,FYKE NET,NA,6.4,82,NA,NA
BG,4/7/1999,FYKE NET,NA,6.4,83,4,SCALE
BG,4/6/1999,FYKE NET,NA,6.4,84,NA,NA
BG,4/28/1999,BOOM SHOCKER,NA,6.4,85,NA,NA
BG,4/5/1999,FYKE NET,NA,6.4,91,NA,NA
BG,3/31/1999,FYKE NET,NA,6.4,92,4,SCALE
BG,4/5/1999,FYKE NET,NA,6.4,98,NA,NA
BG,3/31/1999,FYKE NET,NA,6.4,NA,NA,NA
BG,4/1/1999,FYKE NET,NA,6.4,NA,NA,NA
BG,4/15/1999,BOOM SHOCKER,NA,6.4,NA,NA,NA
BG,4/1/1999,FYKE NET,NA,6.5,71,4,SCALE
BG,4/2/1999,FYKE NET,NA,6.5,75,4,SCALE
BG,4/2/1999,FYKE NET,NA,6.5,81,4,SCALE
BG,4/7/1999,FYKE NET,NA,6.5,82,NA,NA
BG,3/31/1999,FYKE NET,NA,6.5,83,NA,NA
BG,4/15/1999,BOOM SHOCKER,NA,6.5,83,NA,NA
BG,3/31/1999,FYKE NET,NA,6.5,84,4,SCALE
BG,4/2/1999,FYKE NET,NA,6.5,85,4,SCALE
BG,4/5/1999,FYKE NET,NA,6.5,91,NA,NA
BG,4/28/1999,BOOM SHOCKER,NA,6.5,94,NA,NA
BG,4/1/1999,FYKE NET,NA,6.5,106,5,SCALE
BG,3/31/1999,FYKE NET,NA,6.5,NA,NA,NA
BG,4/1/1999,FYKE NET,NA,6.5,NA,NA,NA
BG,4/1/1999,FYKE NET,NA,6.5,NA,NA,NA
BG,4/15/1999,BOOM SHOCKER,NA,6.6,70,NA,NA
BG,4/15/1999,BOOM SHOCKER,NA,6.6,81,NA,NA
BG,4/15/1999,BOOM SHOCKER,NA,6.6,82,NA,NA
BG,4/5/1999,FYKE NET,NA,6.6,84,NA,NA
BG,4/7/1999,FYKE NET,NA,6.6,86,NA,NA
BG,4/1/1999,FYKE NET,NA,6.6,87,4,NA
BG,4/2/1999,FYKE NET,NA,6.6,89,4,SCALE
BG,4/7/1999,FYKE NET,NA,6.6,89,NA,NA
BG,4/7/1999,FYKE NET,NA,6.6,89,NA,NA
BG,4/5/1999,FYKE NET,NA,6.6,91,NA,NA
BG,4/1/1999,FYKE NET,NA,6.6,94,3,SCALE
BG,3/31/1999,FYKE NET,NA,6.6,96,3,SCALE
BG,4/7/1999,FYKE NET,NA,6.6,101,NA,NA
BG,3/31/1999,FYKE NET,NA,6.6,NA,NA,NA
BG,4/1/1999,FYKE NET,NA,6.6,NA,NA,NA
BG,4/1/1999,FYKE NET,NA,6.6,NA,NA,NA
BG,3/31/1999,FYKE NET,NA,6.7,80,NA,NA
BG,4/1/1999,FYKE NET,NA,6.7,80,4,NA
BG,4/5/1999,FYKE NET,NA,6.7,81,NA,NA
BG,4/2/1999,FYKE NET,NA,6.7,82,3,SCALE
BG,4/1/1999,FYKE NET,NA,6.7,86,3,SCALE
BG,4/7/1999,FYKE NET,NA,6.7,86,NA,NA
BG,4/1/1999,FYKE NET,NA,6.7,87,4,SCALE
BG,4/1/1999,FYKE NET,NA,6.7,89,4,SCALE
BG,4/2/1999,FYKE NET,NA,6.7,89,4,SCALE
BG,4/1/1999,FYKE NET,NA,6.7,92,4,SCALE
BG,4/15/1999,BOOM SHOCKER,NA,6.7,92,NA,NA
BG,4/1/1999,FYKE NET,NA,6.7,94,6,SCALE
BG,4/2/1999,FYKE NET,NA,6.7,95,4,SCALE
BG,4/15/1999,BOOM SHOCKER,NA,6.7,97,NA,NA
BG,4/5/1999,FYKE NET,NA,6.7,107,NA,NA
BG,4/5/1999,FYKE NET,NA,6.7,110,NA,NA
BG,3/31/1999,FYKE NET,NA,6.7,NA,NA,NA
BG,3/31/1999,FYKE NET,NA,6.7,NA,NA,NA
BG,4/1/1999,FYKE NET,NA,6.7,NA,NA,NA
BG,4/1/1999,FYKE NET,NA,6.7,NA,NA,NA
BG,4/1/1999,FYKE NET,NA,6.7,NA,NA,NA
BG,4/1/1999,FYKE NET,NA,6.7,NA,NA,NA
BG,4/5/1999,FYKE NET,NA,6.7,NA,NA,NA
BG,4/15/1999,BOOM SHOCKER,NA,6.7,NA,NA,NA
BG,4/2/1999,FYKE NET,NA,6.8,89,4,SCALE
BG,4/15/1999,BOOM SHOCKER,NA,6.8,93,NA,NA
BG,3/31/1999,FYKE NET,NA,6.8,94,NA,NA
BG,4/2/1999,FYKE NET,NA,6.8,94,4,SCALE
BG,4/1/1999,FYKE NET,NA,6.8,95,4,SCALE
BG,3/31/1999,FYKE NET,NA,6.8,96,NA,NA
BG,4/1/1999,FYKE NET,NA,6.8,96,4,SCALE
BG,4/2/1999,FYKE NET,NA,6.8,97,4,SCALE
BG,4/5/1999,FYKE NET,NA,6.8,97,NA,NA
BG,4/5/1999,FYKE NET,NA,6.8,97,NA,NA
BG,4/7/1999,FYKE NET,NA,6.8,97,NA,NA
BG,4/7/1999,FYKE NET,NA,6.8,102,NA,NA
BG,3/31/1999,FYKE NET,NA,6.8,NA,NA,NA
BG,4/1/1999,FYKE NET,NA,6.8,NA,NA,NA
BG,4/1/1999,FYKE NET,NA,6.8,NA,NA,NA
BG,4/1/1999,FYKE NET,NA,6.8,NA,NA,NA
BG,4/2/1999,FYKE NET,NA,6.9,90,4,SCALE
BG,4/1/1999,FYKE NET,NA,6.9,93,4,SCALE
BG,4/1/1999,FYKE NET,NA,6.9,94,4,SCALE
BG,4/2/1999,FYKE NET,NA,6.9,98,4,SCALE
BG,4/2/1999,FYKE NET,NA,6.9,98,6,SCALE
BG,4/1/1999,FYKE NET,NA,6.9,102,4,SCALE
BG,4/7/1999,FYKE NET,NA,6.9,102,NA,NA
BG,4/15/1999,BOOM SHOCKER,NA,6.9,103,NA,NA
BG,4/5/1999,FYKE NET,NA,6.9,104,NA,NA
BG,4/15/1999,BOOM SHOCKER,NA,6.9,110,NA,NA
BG,4/5/1999,FYKE NET,NA,6.9,118,NA,NA
BG,4/5/1999,FYKE NET,NA,6.9,119,NA,NA
BG,3/31/1999,FYKE NET,NA,6.9,NA,NA,NA
BG,4/1/1999,FYKE NET,NA,6.9,NA,NA,NA
BG,4/1/1999,FYKE NET,NA,6.9,NA,NA,NA
BG,4/1/1999,FYKE NET,NA,6.9,NA,NA,NA
BG,4/2/1999,FYKE NET,NA,6.9,NA,NA,NA
BG,4/15/1999,BOOM SHOCKER,NA,6.9,NA,NA,NA
BG,3/31/1999,FYKE NET,NA,7,94,5,SCALE
BG,4/1/1999,FYKE NET,NA,7,97,4,SCALE
BG,4/15/1999,BOOM SHOCKER,NA,7,103,NA,NA
BG,4/28/1999,BOOM SHOCKER,NA,7,103,NA,NA
BG,4/15/1999,BOOM SHOCKER,NA,7,107,NA,NA
BG,4/2/1999,FYKE NET,NA,7,109,4,SCALE
BG,4/28/1999,BOOM SHOCKER,NA,7,109,NA,NA
BG,4/2/1999,FYKE NET,NA,7,110,NA,NA
BG,4/1/1999,FYKE NET,NA,7,116,5,SCALE
BG,4/28/1999,BOOM SHOCKER,NA,7,121,NA,NA
BG,4/28/1999,BOOM SHOCKER,NA,7,124,NA,NA
BG,3/31/1999,FYKE NET,NA,7,NA,NA,NA
BG,4/2/1999,FYKE NET,NA,7.1,101,7,SCALE
BG,4/1/1999,FYKE NET,NA,7.1,102,4,SCALE
BG,4/2/1999,FYKE NET,NA,7.1,109,4,SCALE
BG,4/1/1999,FYKE NET,NA,7.1,111,4,SCALE
BG,3/31/1999,FYKE NET,NA,7.1,112,5,SCALE
BG,4/2/1999,FYKE NET,NA,7.1,114,5,SCALE
BG,4/7/1999,FYKE NET,NA,7.1,118,NA,NA
BG,4/2/1999,FYKE NET,NA,7.1,128,4,SCALE
BG,4/1/1999,FYKE NET,NA,7.1,NA,NA,NA
BG,4/1/1999,FYKE NET,NA,7.1,NA,NA,NA
BG,4/1/1999,FYKE NET,NA,7.1,NA,NA,NA
BG,4/1/1999,FYKE NET,NA,7.1,NA,NA,NA
BG,4/5/1999,FYKE NET,NA,7.1,NA,NA,NA
BG,4/5/1999,FYKE NET,NA,7.1,NA,NA,NA
BG,4/5/1999,FYKE NET,NA,7.1,NA,NA,NA
BG,4/1/1999,FYKE NET,NA,7.2,105,4,SCALE
BG,4/1/1999,FYKE NET,NA,7.2,113,4,SCALE
BG,4/1/1999,FYKE NET,NA,7.2,120,NA,NA
BG,4/28/1999,BOOM SHOCKER,NA,7.2,120,NA,NA
BG,4/6/1999,FYKE NET,NA,7.2,122,NA,NA
BG,4/5/1999,FYKE NET,NA,7.2,123,NA,NA
BG,4/1/1999,FYKE NET,NA,7.2,125,4,SCALE
BG,4/15/1999,BOOM SHOCKER,NA,7.2,127,NA,NA
BG,4/7/1999,FYKE NET,NA,7.2,134,NA,NA
BG,4/6/1999,FYKE NET,NA,7.2,135,NA,NA
BG,4/28/1999,BOOM SHOCKER,NA,7.2,140,NA,NA
BG,4/1/1999,FYKE NET,NA,7.2,NA,NA,NA
BG,4/1/1999,FYKE NET,NA,7.2,NA,NA,NA
BG,4/1/1999,FYKE NET,NA,7.2,NA,NA,NA
BG,4/1/1999,FYKE NET,NA,7.2,NA,NA,NA
BG,4/1/1999,FYKE NET,NA,7.2,NA,NA,NA
BG,4/2/1999,FYKE NET,NA,7.2,NA,NA,NA
BG,4/2/1999,FYKE NET,NA,7.3,103,7,SCALE
BG,4/15/1999,BOOM SHOCKER,NA,7.3,109,NA,NA
BG,4/15/1999,BOOM SHOCKER,NA,7.3,112,NA,NA
BG,4/2/1999,FYKE NET,NA,7.3,126,4,SCALE
BG,4/2/1999,FYKE NET,NA,7.3,131,4,SCALE
BG,4/5/1999,FYKE NET,NA,7.3,135,NA,NA
BG,4/28/1999,BOOM SHOCKER,NA,7.3,139,NA,NA
BG,4/5/1999,FYKE NET,NA,7.3,144,NA,NA
BG,3/31/1999,FYKE NET,NA,7.3,NA,NA,NA
BG,3/31/1999,FYKE NET,NA,7.3,NA,NA,NA
BG,4/1/1999,FYKE NET,NA,7.3,NA,NA,NA
BG,4/1/1999,FYKE NET,NA,7.3,NA,NA,NA
BG,4/1/1999,FYKE NET,NA,7.3,NA,NA,NA
BG,4/1/1999,FYKE NET,NA,7.3,NA,NA,NA
BG,4/1/1999,FYKE NET,NA,7.3,NA,NA,NA
BG,4/1/1999,FYKE NET,NA,7.3,NA,NA,NA
BG,4/1/1999,FYKE NET,NA,7.3,NA,NA,NA
BG,4/2/1999,FYKE NET,NA,7.3,NA,NA,NA
BG,4/2/1999,FYKE NET,NA,7.3,NA,NA,NA
BG,4/15/1999,BOOM SHOCKER,NA,7.3,NA,NA,NA
BG,4/1/1999,FYKE NET,NA,7.4,112,4,SCALE
BG,4/2/1999,FYKE NET,NA,7.4,124,5,SCALE
BG,4/15/1999,BOOM SHOCKER,NA,7.4,124,NA,NA
BG,4/7/1999,FYKE NET,NA,7.4,128,NA,NA
BG,4/1/1999,FYKE NET,NA,7.4,129,4,SCALE
BG,4/5/1999,FYKE NET,NA,7.4,129,NA,NA
BG,4/7/1999,FYKE NET,NA,7.4,129,NA,NA
BG,3/31/1999,FYKE NET,NA,7.4,130,5,SCALE
BG,4/7/1999,FYKE NET,NA,7.4,133,NA,NA
BG,4/2/1999,FYKE NET,NA,7.4,134,4,SCALE
BG,4/6/1999,FYKE NET,NA,7.4,139,NA,NA
BG,4/5/1999,FYKE NET,NA,7.4,140,NA,NA
BG,3/31/1999,FYKE NET,NA,7.4,NA,NA,NA
BG,4/1/1999,FYKE NET,NA,7.4,NA,NA,NA
BG,4/1/1999,FYKE NET,NA,7.4,NA,NA,NA
BG,4/1/1999,FYKE NET,NA,7.4,NA,NA,NA
BG,4/1/1999,FYKE NET,NA,7.4,NA,NA,NA
BG,4/1/1999,FYKE NET,NA,7.4,NA,NA,NA
BG,4/1/1999,FYKE NET,NA,7.4,NA,NA,NA
BG,4/5/1999,FYKE NET,NA,7.4,NA,NA,NA
BG,3/31/1999,FYKE NET,NA,7.5,124,6,SCALE
BG,4/2/1999,FYKE NET,NA,7.5,134,NA,NA
BG,4/5/1999,FYKE NET,NA,7.5,135,NA,NA
BG,4/6/1999,FYKE NET,NA,7.5,136,NA,NA
BG,4/28/1999,BOOM SHOCKER,NA,7.5,139,NA,NA
BG,4/6/1999,FYKE NET,NA,7.5,142,NA,NA
BG,4/28/1999,BOOM SHOCKER,NA,7.5,148,NA,NA
BG,4/1/1999,FYKE NET,NA,7.5,151,5,SCALE
BG,4/1/1999,FYKE NET,NA,7.5,NA,NA,NA
BG,4/1/1999,FYKE NET,NA,7.5,NA,NA,NA
BG,4/1/1999,FYKE NET,NA,7.5,NA,NA,NA
BG,4/1/1999,FYKE NET,NA,7.5,NA,NA,NA
BG,4/2/1999,FYKE NET,NA,7.5,NA,NA,NA
BG,4/5/1999,FYKE NET,NA,7.5,NA,NA,NA
BG,4/1/1999,FYKE NET,NA,7.57,NA,NA,NA
BG,4/2/1999,FYKE NET,NA,7.6,132,NA,NA
BG,3/31/1999,FYKE NET,NA,7.6,134,6,SCALE
BG,4/1/1999,FYKE NET,NA,7.6,134,7,NA
BG,3/31/1999,FYKE NET,NA,7.6,135,5,SCALE
BG,4/1/1999,FYKE NET,NA,7.6,140,8,SCALE
BG,3/31/1999,FYKE NET,NA,7.6,144,5,SCALE
BG,4/6/1999,FYKE NET,NA,7.6,147,NA,NA
BG,4/7/1999,FYKE NET,NA,7.6,148,NA,NA
BG,4/6/1999,FYKE NET,NA,7.6,154,NA,NA
BG,3/31/1999,FYKE NET,NA,7.6,NA,NA,NA
BG,4/1/1999,FYKE NET,NA,7.6,NA,NA,NA
BG,4/1/1999,FYKE NET,NA,7.6,NA,NA,NA
BG,4/1/1999,FYKE NET,NA,7.6,NA,NA,NA
BG,4/1/1999,FYKE NET,NA,7.6,NA,NA,NA
BG,4/1/1999,FYKE NET,NA,7.6,NA,NA,NA
BG,4/2/1999,FYKE NET,NA,7.6,NA,NA,NA
BG,4/2/1999,FYKE NET,NA,7.6,NA,NA,NA
BG,4/5/1999,FYKE NET,NA,7.6,NA,NA,NA
BG,4/5/1999,FYKE NET,NA,7.6,NA,NA,NA
BG,4/15/1999,BOOM SHOCKER,NA,7.7,112,NA,NA
BG,4/6/1999,FYKE NET,NA,7.7,135,NA,NA
BG,4/15/1999,BOOM SHOCKER,NA,7.7,135,NA,NA
BG,3/31/1999,FYKE NET,NA,7.7,138,6,SCALE
BG,3/31/1999,FYKE NET,NA,7.7,141,6,SCALE
BG,4/1/1999,FYKE NET,NA,7.7,142,NA,NA
BG,3/31/1999,FYKE NET,NA,7.7,148,8,SCALE
BG,4/6/1999,FYKE NET,NA,7.7,153,NA,NA
BG,3/31/1999,FYKE NET,NA,7.7,154,4,SCALE
BG,4/15/1999,BOOM SHOCKER,NA,7.7,155,NA,NA
BG,3/31/1999,FYKE NET,NA,7.7,173,5,SCALE
BG,4/1/1999,FYKE NET,NA,7.7,NA,NA,NA
BG,4/1/1999,FYKE NET,NA,7.7,NA,NA,NA
BG,4/2/1999,FYKE NET,NA,7.7,NA,NA,NA
BG,4/2/1999,FYKE NET,NA,7.7,NA,NA,NA
BG,4/5/1999,FYKE NET,NA,7.7,NA,NA,NA
BG,4/1/1999,FYKE NET,NA,7.8,139,6,SCALE
BG,4/6/1999,FYKE NET,NA,7.8,144,NA,NA
BG,3/31/1999,FYKE NET,NA,7.8,148,6,SCALE
BG,3/31/1999,FYKE NET,NA,7.8,151,4,SCALE
BG,4/6/1999,FYKE NET,NA,7.8,151,NA,NA
BG,4/1/1999,FYKE NET,NA,7.8,154,5,SCALE
BG,4/1/1999,FYKE NET,NA,7.8,161,6,SCALE
BG,4/6/1999,FYKE NET,NA,7.8,161,NA,NA
BG,4/7/1999,FYKE NET,NA,7.8,165,NA,NA
BG,4/2/1999,FYKE NET,NA,7.8,172,NA,NA
BG,3/31/1999,FYKE NET,NA,7.8,NA,NA,NA
BG,4/1/1999,FYKE NET,NA,7.8,NA,NA,NA
BG,4/1/1999,FYKE NET,NA,7.8,NA,NA,NA
BG,4/1/1999,FYKE NET,NA,7.8,NA,NA,NA
BG,4/1/1999,FYKE NET,NA,7.8,NA,NA,NA
BG,4/1/1999,FYKE NET,NA,7.8,NA,NA,NA
BG,4/1/1999,FYKE NET,NA,7.8,NA,NA,NA
BG,4/5/1999,FYKE NET,NA,7.8,NA,NA,NA
BG,4/5/1999,FYKE NET,NA,7.8,NA,NA,NA
BG,4/1/1999,FYKE NET,NA,7.9,140,5,NA
BG,3/31/1999,FYKE NET,NA,7.9,154,8,SCALE
BG,4/2/1999,FYKE NET,NA,7.9,158,NA,NA
BG,4/1/1999,FYKE NET,NA,7.9,163,5,SCALE
BG,4/6/1999,FYKE NET,NA,7.9,163,NA,NA
BG,4/15/1999,BOOM SHOCKER,NA,7.9,182,NA,NA
BG,4/1/1999,FYKE NET,NA,7.9,NA,NA,NA
BG,4/1/1999,FYKE NET,NA,7.9,NA,NA,NA
BG,4/1/1999,FYKE NET,NA,7.9,NA,NA,NA
BG,4/1/1999,FYKE NET,NA,7.9,NA,NA,NA
BG,4/5/1999,FYKE NET,NA,7.9,NA,NA,NA
BG,4/5/1999,FYKE NET,NA,7.9,NA,NA,NA
BG,4/5/1999,FYKE NET,NA,7.9,NA,NA,NA
BG,4/5/1999,FYKE NET,NA,7.9,NA,NA,NA
BG,4/5/1999,FYKE NET,NA,7.9,NA,NA,NA
BG,4/6/1999,FYKE NET,NA,7.9,NA,NA,NA
BG,4/1/1999,FYKE NET,NA,8,148,5,NA
BG,4/1/1999,FYKE NET,NA,8,159,8,NA
BG,4/1/1999,FYKE NET,NA,8,163,7,SCALE
BG,4/7/1999,FYKE NET,NA,8,163,NA,NA
BG,3/31/1999,FYKE NET,NA,8,164,7,SCALE
BG,4/7/1999,FYKE NET,NA,8,175,NA,NA
BG,4/2/1999,FYKE NET,NA,8,182,NA,NA
BG,4/1/1999,FYKE NET,NA,8,NA,NA,NA
BG,4/1/1999,FYKE NET,NA,8,NA,NA,NA
BG,4/2/1999,FYKE NET,NA,8,NA,NA,NA
BG,4/2/1999,FYKE NET,NA,8,NA,NA,NA
BG,4/5/1999,FYKE NET,NA,8,NA,NA,NA
BG,4/5/1999,FYKE NET,NA,8,NA,NA,NA
BG,4/5/1999,FYKE NET,NA,8,NA,NA,NA
BG,4/15/1999,BOOM SHOCKER,NA,8,NA,NA,NA
BG,4/7/1999,FYKE NET,NA,8.1,154,NA,NA
BG,4/1/1999,FYKE NET,NA,8.1,163,NA,NA
BG,4/1/1999,FYKE NET,NA,8.1,170,8,SCALE
BG,4/7/1999,FYKE NET,NA,8.1,176,NA,NA
BG,4/5/1999,FYKE NET,NA,8.1,177,NA,NA
BG,4/1/1999,FYKE NET,NA,8.1,187,7,SCALE
BG,4/7/1999,FYKE NET,NA,8.1,189,NA,NA
BG,4/2/1999,FYKE NET,NA,8.1,193,NA,NA
BG,3/31/1999,FYKE NET,NA,8.1,194,7,SCALE
BG,4/1/1999,FYKE NET,NA,8.1,NA,NA,NA
BG,4/1/1999,FYKE NET,NA,8.1,NA,NA,NA
BG,4/1/1999,FYKE NET,NA,8.1,NA,NA,NA
BG,4/2/1999,FYKE NET,NA,8.1,NA,NA,NA
BG,4/2/1999,FYKE NET,NA,8.1,NA,NA,NA
BG,4/5/1999,FYKE NET,NA,8.1,NA,NA,NA
BG,4/5/1999,FYKE NET,NA,8.1,NA,NA,NA
BG,4/5/1999,FYKE NET,NA,8.1,NA,NA,NA
BG,4/5/1999,FYKE NET,NA,8.1,NA,NA,NA
BG,4/5/1999,FYKE NET,NA,8.1,NA,NA,NA
BG,4/15/1999,BOOM SHOCKER,NA,8.1,NA,NA,NA
BG,3/31/1999,FYKE NET,NA,8.2,178,8,SCALE
BG,4/6/1999,FYKE NET,NA,8.2,179,NA,NA
BG,3/31/1999,FYKE NET,NA,8.2,180,5,SCALE
BG,4/2/1999,FYKE NET,NA,8.2,180,NA,NA
BG,4/1/1999,FYKE NET,NA,8.2,189,9,SCALE
BG,3/31/1999,FYKE NET,NA,8.2,191,5,SCALE
BG,4/28/1999,BOOM SHOCKER,NA,8.2,198,NA,NA
BG,4/1/1999,FYKE NET,NA,8.2,211,6,SCALE
BG,4/5/1999,FYKE NET,NA,8.2,212,NA,NA
BG,3/31/1999,FYKE NET,NA,8.2,NA,NA,NA
BG,4/1/1999,FYKE NET,NA,8.2,NA,NA,NA
BG,4/1/1999,FYKE NET,NA,8.2,NA,NA,NA
BG,4/1/1999,FYKE NET,NA,8.2,NA,NA,NA
BG,4/1/1999,FYKE NET,NA,8.2,NA,NA,NA
BG,4/1/1999,FYKE NET,NA,8.2,NA,NA,NA
BG,4/2/1999,FYKE NET,NA,8.2,NA,NA,NA
BG,4/2/1999,FYKE NET,NA,8.2,NA,NA,NA
BG,4/5/1999,FYKE NET,NA,8.2,NA,NA,NA
BG,4/5/1999,FYKE NET,NA,8.2,NA,NA,NA
BG,4/5/1999,FYKE NET,NA,8.2,NA,NA,NA
BG,4/15/1999,BOOM SHOCKER,NA,8.2,NA,NA,NA
BG,4/1/1999,FYKE NET,NA,8.3,163,7,SCALE
BG,4/1/1999,FYKE NET,NA,8.3,173,7,SCALE
BG,4/6/1999,FYKE NET,NA,8.3,193,NA,NA
BG,4/1/1999,FYKE NET,NA,8.3,196,NA,NA
BG,4/6/1999,FYKE NET,NA,8.3,199,NA,NA
BG,4/15/1999,BOOM SHOCKER,NA,8.3,204,NA,NA
BG,4/2/1999,FYKE NET,NA,8.3,209,NA,NA
BG,4/7/1999,FYKE NET,NA,8.3,210,NA,NA
BG,4/6/1999,FYKE NET,NA,8.3,211,NA,NA
BG,3/31/1999,FYKE NET,NA,8.3,221,9,SCALE
BG,4/1/1999,FYKE NET,NA,8.3,NA,NA,NA
BG,4/1/1999,FYKE NET,NA,8.3,NA,NA,NA
BG,4/2/1999,FYKE NET,NA,8.3,NA,NA,NA
BG,4/5/1999,FYKE NET,NA,8.3,NA,NA,NA
BG,4/5/1999,FYKE NET,NA,8.3,NA,NA,NA
BG,4/5/1999,FYKE NET,NA,8.3,NA,NA,NA
BG,4/5/1999,FYKE NET,NA,8.3,NA,NA,NA
BG,4/6/1999,FYKE NET,NA,8.4,175,NA,NA
BG,4/6/1999,FYKE NET,NA,8.4,184,NA,NA
BG,3/31/1999,FYKE NET,NA,8.4,185,6,SCALE
BG,4/1/1999,FYKE NET,NA,8.4,186,10,SCALE
BG,3/31/1999,FYKE NET,NA,8.4,187,7,SCALE
BG,4/1/1999,FYKE NET,NA,8.4,194,6,SCALE
BG,4/1/1999,FYKE NET,NA,8.4,197,7,SCALE
BG,4/2/1999,FYKE NET,NA,8.4,198,NA,NA
BG,3/31/1999,FYKE NET,NA,8.4,201,7,SCALE
BG,4/2/1999,FYKE NET,NA,8.4,206,NA,NA
BG,4/2/1999,FYKE NET,NA,8.4,207,NA,NA
BG,4/5/1999,FYKE NET,NA,8.4,207,NA,NA
BG,4/6/1999,FYKE NET,NA,8.4,207,NA,NA
BG,4/1/1999,FYKE NET,NA,8.4,NA,NA,NA
BG,4/1/1999,FYKE NET,NA,8.4,NA,NA,NA
BG,4/1/1999,FYKE NET,NA,8.4,NA,NA,NA
BG,4/2/1999,FYKE NET,NA,8.4,NA,NA,NA
BG,4/5/1999,FYKE NET,NA,8.4,NA,NA,NA
BG,4/5/1999,FYKE NET,NA,8.4,NA,NA,NA
BG,4/5/1999,FYKE NET,NA,8.4,NA,NA,NA
BG,4/1/1999,FYKE NET,NA,8.5,178,9,SCALE
BG,3/31/1999,FYKE NET,NA,8.5,191,7,SCALE
BG,4/1/1999,FYKE NET,NA,8.5,198,10,SCALE
BG,4/5/1999,FYKE NET,NA,8.5,200,NA,NA
BG,3/31/1999,FYKE NET,NA,8.5,201,6,SCALE
BG,4/1/1999,FYKE NET,NA,8.5,210,7,SCALE
BG,3/31/1999,FYKE NET,NA,8.5,215,9,SCALE
BG,3/31/1999,FYKE NET,NA,8.5,221,10,SCALE
BG,4/1/1999,FYKE NET,NA,8.5,NA,NA,NA
BG,4/1/1999,FYKE NET,NA,8.5,NA,NA,NA
BG,4/2/1999,FYKE NET,NA,8.5,NA,NA,NA
BG,4/2/1999,FYKE NET,NA,8.5,NA,NA,NA
BG,4/2/1999,FYKE NET,NA,8.5,NA,NA,NA
BG,4/5/1999,FYKE NET,NA,8.5,NA,NA,NA
BG,3/31/1999,FYKE NET,NA,8.6,205,7,SCALE
BG,4/1/1999,FYKE NET,NA,8.6,207,6,NA
BG,4/6/1999,FYKE NET,NA,8.6,222,NA,NA
BG,3/31/1999,FYKE NET,NA,8.6,225,7,SCALE
BG,4/2/1999,FYKE NET,NA,8.6,227,NA,NA
BG,4/2/1999,FYKE NET,NA,8.6,234,NA,NA
BG,4/7/1999,FYKE NET,NA,8.6,238,NA,NA
BG,4/1/1999,FYKE NET,NA,8.6,246,NA,NA
BG,4/1/1999,FYKE NET,NA,8.6,249,8,SCALE
BG,4/1/1999,FYKE NET,NA,8.6,NA,NA,NA
BG,4/1/1999,FYKE NET,NA,8.6,NA,NA,NA
BG,4/5/1999,FYKE NET,NA,8.6,NA,NA,NA
BG,4/1/1999,FYKE NET,NA,8.7,201,10,SCALE
BG,4/2/1999,FYKE NET,NA,8.7,202,NA,NA
BG,4/1/1999,FYKE NET,NA,8.7,203,7,SCALE
BG,3/31/1999,FYKE NET,NA,8.7,208,8,SCALE
BG,4/15/1999,BOOM SHOCKER,NA,8.7,210,NA,NA
BG,4/1/1999,FYKE NET,NA,8.7,212,5,SCALE
BG,3/31/1999,FYKE NET,NA,8.7,217,7,SCALE
BG,3/31/1999,FYKE NET,NA,8.7,220,8,SCALE
BG,3/31/1999,FYKE NET,NA,8.7,226,7,SCALE
BG,4/1/1999,FYKE NET,NA,8.7,240,7,NA
BG,4/1/1999,FYKE NET,NA,8.7,NA,NA,NA
BG,4/2/1999,FYKE NET,NA,8.7,NA,NA,NA
BG,4/1/1999,FYKE NET,NA,8.8,214,9,SCALE
BG,4/5/1999,FYKE NET,NA,8.8,239,NA,NA
BG,4/1/1999,FYKE NET,NA,8.8,240,7,SCALE
BG,4/1/1999,FYKE NET,NA,8.8,245,NA,NA
BG,4/2/1999,FYKE NET,NA,8.8,249,NA,NA
BG,4/5/1999,FYKE NET,NA,8.8,274,NA,NA
BG,4/6/1999,FYKE NET,NA,8.8,289,NA,NA
BG,4/5/1999,FYKE NET,NA,8.8,NA,NA,NA
BG,4/5/1999,FYKE NET,NA,8.8,NA,NA,NA
BG,3/31/1999,FYKE NET,NA,8.9,231,9,SCALE
BG,4/6/1999,FYKE NET,NA,8.9,232,NA,NA
BG,4/7/1999,FYKE NET,NA,8.9,243,NA,NA
BG,4/5/1999,FYKE NET,NA,8.9,NA,NA,NA
BG,4/2/1999,FYKE NET,NA,9,233,8,SCALE
BG,4/2/1999,FYKE NET,NA,9,248,7,SCALE
BG,4/5/1999,FYKE NET,NA,9,NA,NA,NA
BG,4/2/1999,FYKE NET,NA,9.1,295,7,SCALE
BG,4/5/1999,FYKE NET,NA,9.1,NA,NA,NA
BG,4/7/1999,FYKE NET,NA,9.2,239,10,SCALE
BG,4/1/1999,FYKE NET,NA,9.2,276,8,SCALE
BG,4/1/1999,FYKE NET,NA,9.2,286,7,SCALE
BG,4/6/1999,FYKE NET,NA,9.4,337,NA,NA
BG,4/1/1999,FYKE NET,NA,10.2,361,8,SCALE
BG,4/2/1999,FYKE NET,NA,10.2,NA,NA,NA
BG,4/7/1999,FYKE NET,NA,10.5,491,10,SCALE
LMB,4/28/1999,BOOM SHOCKER,NA,3.2,6,NA,NA
LMB,4/15/1999,BOOM SHOCKER,NA,3.3,NA,NA,NA
LMB,4/15/1999,BOOM SHOCKER,NA,3.6,8,NA,NA
LMB,4/15/1999,BOOM SHOCKER,NA,3.6,8,NA,NA
LMB,4/15/1999,BOOM SHOCKER,NA,3.7,NA,NA,NA
LMB,4/15/1999,BOOM SHOCKER,NA,4,NA,NA,NA
LMB,4/15/1999,BOOM SHOCKER,NA,4,NA,NA,NA
LMB,4/15/1999,BOOM SHOCKER,NA,4.2,9,NA,NA
LMB,4/15/1999,BOOM SHOCKER,NA,4.2,14,NA,NA
LMB,4/28/1999,BOOM SHOCKER,NA,4.4,15,NA,NA
LMB,4/15/1999,BOOM SHOCKER,NA,4.8,NA,NA,NA
LMB,4/15/1999,BOOM SHOCKER,NA,4.8,NA,NA,NA
LMB,4/15/1999,BOOM SHOCKER,NA,4.8,NA,NA,NA
LMB,4/13/1999,BOOM SHOCKER,NA,5.1,NA,NA,NA
LMB,4/28/1999,BOOM SHOCKER,NA,5.2,28,NA,NA
LMB,4/15/1999,BOOM SHOCKER,NA,5.2,NA,NA,NA
LMB,4/15/1999,BOOM SHOCKER,NA,5.2,NA,NA,NA
LMB,4/13/1999,BOOM SHOCKER,NA,5.4,24,2,SCALE
LMB,4/15/1999,BOOM SHOCKER,NA,5.4,24,NA,NA
LMB,4/28/1999,BOOM SHOCKER,NA,5.4,36,NA,NA
LMB,4/15/1999,BOOM SHOCKER,NA,5.4,NA,NA,NA
LMB,4/28/1999,BOOM SHOCKER,NA,5.4,NA,NA,NA
LMB,4/15/1999,BOOM SHOCKER,NA,5.5,NA,NA,NA
LMB,4/28/1999,BOOM SHOCKER,NA,5.6,28,NA,NA
LMB,4/28/1999,BOOM SHOCKER,NA,5.6,32,NA,NA
LMB,4/13/1999,BOOM SHOCKER,NA,5.6,NA,NA,NA
LMB,4/15/1999,BOOM SHOCKER,NA,5.7,30,2,SCALE
LMB,4/15/1999,BOOM SHOCKER,NA,5.7,NA,NA,NA
LMB,4/15/1999,BOOM SHOCKER,NA,5.7,NA,NA,NA
LMB,4/15/1999,BOOM SHOCKER,NA,5.7,NA,NA,NA
LMB,4/15/1999,BOOM SHOCKER,NA,5.7,NA,NA,NA
LMB,4/15/1999,BOOM SHOCKER,NA,5.7,NA,NA,NA
LMB,4/28/1999,BOOM SHOCKER,NA,5.7,NA,NA,NA
LMB,4/15/1999,BOOM SHOCKER,NA,5.8,36,NA,NA
LMB,4/15/1999,BOOM SHOCKER,NA,5.8,NA,NA,NA
LMB,4/28/1999,BOOM SHOCKER,NA,5.8,NA,NA,NA
LMB,4/13/1999,BOOM SHOCKER,NA,5.9,33,NA,NA
LMB,4/15/1999,BOOM SHOCKER,NA,5.9,34,2,SCALE
LMB,4/28/1999,BOOM SHOCKER,NA,5.9,37,NA,NA
LMB,4/28/1999,BOOM SHOCKER,NA,5.9,37,NA,NA
LMB,4/28/1999,BOOM SHOCKER,NA,5.9,38,NA,NA
LMB,4/13/1999,BOOM SHOCKER,NA,5.9,42,3,SCALE
LMB,4/13/1999,BOOM SHOCKER,NA,5.9,NA,NA,NA
LMB,4/13/1999,BOOM SHOCKER,NA,5.9,NA,NA,NA
LMB,4/15/1999,BOOM SHOCKER,NA,5.9,NA,NA,NA
LMB,4/13/1999,BOOM SHOCKER,NA,6,35,NA,NA
LMB,4/15/1999,BOOM SHOCKER,NA,6,35,NA,NA
LMB,4/28/1999,BOOM SHOCKER,NA,6,36,NA,NA
LMB,4/28/1999,BOOM SHOCKER,NA,6,40,NA,NA
LMB,4/15/1999,BOOM SHOCKER,NA,6,41,NA,NA
LMB,4/2/1999,FYKE NET,NA,6,NA,NA,NA
LMB,4/15/1999,BOOM SHOCKER,NA,6,NA,NA,NA
LMB,4/28/1999,BOOM SHOCKER,NA,6,NA,NA,NA
LMB,4/28/1999,BOOM SHOCKER,NA,6.1,34,NA,NA
LMB,4/13/1999,BOOM SHOCKER,NA,6.1,41,2,SCALE
LMB,4/15/1999,BOOM SHOCKER,NA,6.1,42,NA,NA
LMB,4/2/1999,FYKE NET,NA,6.1,43,2,SCALE
LMB,4/28/1999,BOOM SHOCKER,NA,6.1,46,NA,NA
LMB,4/2/1999,FYKE NET,NA,6.1,NA,NA,NA
LMB,4/2/1999,FYKE NET,NA,6.1,NA,NA,NA
LMB,4/13/1999,BOOM SHOCKER,NA,6.1,NA,NA,NA
LMB,4/28/1999,BOOM SHOCKER,NA,6.1,NA,NA,NA
LMB,4/7/1999,FYKE NET,NA,6.2,41,NA,NA
LMB,4/28/1999,BOOM SHOCKER,NA,6.2,41,NA,NA
LMB,4/13/1999,BOOM SHOCKER,NA,6.2,43,2,SCALE
LMB,4/6/1999,FYKE NET,NA,6.2,47,NA,NA
LMB,4/28/1999,BOOM SHOCKER,NA,6.2,48,NA,NA
LMB,4/13/1999,BOOM SHOCKER,NA,6.2,NA,NA,NA
LMB,4/15/1999,BOOM SHOCKER,NA,6.2,NA,NA,NA
LMB,4/15/1999,BOOM SHOCKER,NA,6.2,NA,NA,NA
LMB,4/15/1999,BOOM SHOCKER,NA,6.2,NA,NA,NA
LMB,4/15/1999,BOOM SHOCKER,NA,6.2,NA,NA,NA
LMB,4/15/1999,BOOM SHOCKER,NA,6.2,NA,NA,NA
LMB,4/28/1999,BOOM SHOCKER,NA,6.2,NA,NA,NA
LMB,4/28/1999,BOOM SHOCKER,NA,6.2,NA,NA,NA
LMB,4/28/1999,BOOM SHOCKER,NA,6.2,NA,NA,NA
LMB,4/28/1999,BOOM SHOCKER,NA,6.2,NA,NA,NA
LMB,4/13/1999,BOOM SHOCKER,NA,6.3,43,2,SCALE
LMB,4/13/1999,BOOM SHOCKER,NA,6.3,NA,NA,NA
LMB,4/15/1999,BOOM SHOCKER,NA,6.3,NA,NA,NA
LMB,4/15/1999,BOOM SHOCKER,NA,6.3,NA,NA,NA
LMB,4/28/1999,BOOM SHOCKER,NA,6.3,NA,NA,NA
LMB,4/28/1999,BOOM SHOCKER,NA,6.3,NA,NA,NA
LMB,4/28/1999,BOOM SHOCKER,NA,6.3,NA,NA,NA
LMB,4/2/1999,FYKE NET,NA,6.4,47,2,SCALE
LMB,4/15/1999,BOOM SHOCKER,NA,6.4,47,2,SCALE
LMB,4/13/1999,BOOM SHOCKER,NA,6.4,51,2,SCALE
LMB,4/28/1999,BOOM SHOCKER,NA,6.4,53,NA,NA
LMB,4/28/1999,BOOM SHOCKER,NA,6.4,53,NA,NA
LMB,4/6/1999,FYKE NET,NA,6.4,55,NA,NA
LMB,4/5/1999,FYKE NET,NA,6.4,63,NA,NA
LMB,4/2/1999,FYKE NET,NA,6.4,NA,NA,NA
LMB,4/2/1999,FYKE NET,NA,6.4,NA,NA,NA
LMB,4/2/1999,FYKE NET,NA,6.4,NA,NA,NA
LMB,4/15/1999,BOOM SHOCKER,NA,6.4,NA,NA,NA
LMB,4/15/1999,BOOM SHOCKER,NA,6.4,NA,NA,NA
LMB,4/15/1999,BOOM SHOCKER,NA,6.4,NA,NA,NA
LMB,4/15/1999,BOOM SHOCKER,NA,6.4,NA,NA,NA
LMB,4/15/1999,BOOM SHOCKER,NA,6.4,NA,NA,NA
LMB,4/15/1999,BOOM SHOCKER,NA,6.4,NA,NA,NA
LMB,4/15/1999,BOOM SHOCKER,NA,6.4,NA,NA,NA
LMB,4/15/1999,BOOM SHOCKER,NA,6.4,NA,NA,NA
LMB,4/28/1999,BOOM SHOCKER,NA,6.4,NA,NA,NA
LMB,4/28/1999,BOOM SHOCKER,NA,6.4,NA,NA,NA
LMB,4/15/1999,BOOM SHOCKER,NA,6.5,42,NA,NA
LMB,4/1/1999,FYKE NET,NA,6.5,47,2,SCALE
LMB,4/1/1999,FYKE NET,NA,6.5,47,2,SCALE
LMB,4/15/1999,BOOM SHOCKER,NA,6.5,48,NA,NA
LMB,4/5/1999,FYKE NET,NA,6.5,49,NA,NA
LMB,4/15/1999,BOOM SHOCKER,NA,6.5,50,2,SCALE
LMB,4/28/1999,BOOM SHOCKER,NA,6.5,50,NA,NA
LMB,4/13/1999,BOOM SHOCKER,NA,6.5,56,NA,NA
LMB,4/28/1999,BOOM SHOCKER,NA,6.5,56,NA,NA
LMB,4/2/1999,FYKE NET,NA,6.5,NA,NA,NA
LMB,4/13/1999,BOOM SHOCKER,NA,6.5,NA,NA,NA
LMB,4/15/1999,BOOM SHOCKER,NA,6.5,NA,NA,NA
LMB,4/15/1999,BOOM SHOCKER,NA,6.5,NA,NA,NA
LMB,4/15/1999,BOOM SHOCKER,NA,6.5,NA,NA,NA
LMB,4/28/1999,BOOM SHOCKER,NA,6.5,NA,NA,NA
LMB,4/28/1999,BOOM SHOCKER,NA,6.5,NA,NA,NA
LMB,4/28/1999,BOOM SHOCKER,NA,6.5,NA,NA,NA
LMB,4/15/1999,BOOM SHOCKER,NA,6.6,48,2,SCALE
LMB,4/28/1999,BOOM SHOCKER,NA,6.6,51,NA,NA
LMB,4/2/1999,FYKE NET,NA,6.6,52,2,SCALE
LMB,4/7/1999,FYKE NET,NA,6.6,52,NA,NA
LMB,4/13/1999,BOOM SHOCKER,NA,6.6,52,2,SCALE
LMB,4/28/1999,BOOM SHOCKER,NA,6.6,52,NA,NA
LMB,4/2/1999,FYKE NET,NA,6.6,53,2,SCALE
LMB,4/15/1999,BOOM SHOCKER,NA,6.6,54,NA,NA
LMB,3/31/1999,FYKE NET,NA,6.6,55,2,SCALE
LMB,4/5/1999,FYKE NET,NA,6.6,58,NA,NA
LMB,4/15/1999,BOOM SHOCKER,NA,6.6,59,NA,NA
LMB,4/13/1999,BOOM SHOCKER,NA,6.6,NA,NA,NA
LMB,4/15/1999,BOOM SHOCKER,NA,6.6,NA,NA,NA
LMB,4/15/1999,BOOM SHOCKER,NA,6.6,NA,NA,NA
LMB,4/15/1999,BOOM SHOCKER,NA,6.6,NA,NA,NA
LMB,4/15/1999,BOOM SHOCKER,NA,6.6,NA,NA,NA
LMB,4/28/1999,BOOM SHOCKER,NA,6.6,NA,NA,NA
LMB,4/28/1999,BOOM SHOCKER,NA,6.6,NA,NA,NA
LMB,4/28/1999,BOOM SHOCKER,NA,6.6,NA,NA,NA
LMB,4/28/1999,BOOM SHOCKER,NA,6.6,NA,NA,NA
LMB,4/1/1999,FYKE NET,NA,6.7,49,2,SCALE
LMB,4/28/1999,BOOM SHOCKER,NA,6.7,55,NA,NA
LMB,4/28/1999,BOOM SHOCKER,NA,6.7,60,NA,NA
LMB,4/13/1999,BOOM SHOCKER,NA,6.7,63,3,SCALE
LMB,4/2/1999,FYKE NET,NA,6.7,NA,NA,NA
LMB,4/13/1999,BOOM SHOCKER,NA,6.7,NA,NA,NA
LMB,4/15/1999,BOOM SHOCKER,NA,6.7,NA,NA,NA
LMB,4/15/1999,BOOM SHOCKER,NA,6.7,NA,NA,NA
LMB,4/15/1999,BOOM SHOCKER,NA,6.7,NA,NA,NA
LMB,4/13/1999,BOOM SHOCKER,NA,6.8,52,NA,NA
LMB,4/13/1999,BOOM SHOCKER,NA,6.8,59,NA,NA
LMB,4/13/1999,BOOM SHOCKER,NA,6.8,62,NA,NA
LMB,4/28/1999,BOOM SHOCKER,NA,6.8,62,NA,NA
LMB,4/13/1999,BOOM SHOCKER,NA,6.8,NA,NA,NA
LMB,4/13/1999,BOOM SHOCKER,NA,6.8,NA,NA,NA
LMB,4/13/1999,BOOM SHOCKER,NA,6.8,NA,NA,NA
LMB,4/15/1999,BOOM SHOCKER,NA,6.8,NA,NA,NA
LMB,4/15/1999,BOOM SHOCKER,NA,6.8,NA,NA,NA
LMB,4/15/1999,BOOM SHOCKER,NA,6.8,NA,NA,NA
LMB,4/15/1999,BOOM SHOCKER,NA,6.8,NA,NA,NA
LMB,4/15/1999,BOOM SHOCKER,NA,6.9,56,NA,NA
LMB,4/15/1999,BOOM SHOCKER,NA,6.9,58,2,SCALE
LMB,4/13/1999,BOOM SHOCKER,NA,6.9,63,NA,NA
LMB,4/28/1999,BOOM SHOCKER,NA,6.9,63,NA,NA
LMB,4/15/1999,BOOM SHOCKER,NA,6.9,66,2,SCALE
LMB,4/5/1999,FYKE NET,NA,6.9,NA,NA,NA
LMB,4/15/1999,BOOM SHOCKER,NA,6.9,NA,NA,NA
LMB,4/15/1999,BOOM SHOCKER,NA,6.9,NA,NA,NA
LMB,4/15/1999,BOOM SHOCKER,NA,6.9,NA,NA,NA
LMB,4/1/1999,FYKE NET,NA,7,65,2,NA
LMB,4/15/1999,BOOM SHOCKER,NA,7,67,NA,NA
LMB,4/28/1999,BOOM SHOCKER,NA,7,67,NA,NA
LMB,4/5/1999,FYKE NET,NA,7,69,NA,NA
LMB,4/13/1999,BOOM SHOCKER,NA,7,NA,NA,NA
LMB,4/15/1999,BOOM SHOCKER,NA,7,NA,NA,NA
LMB,4/15/1999,BOOM SHOCKER,NA,7,NA,NA,NA
LMB,4/28/1999,BOOM SHOCKER,NA,7,NA,NA,NA
LMB,4/13/1999,BOOM SHOCKER,NA,7.1,61,NA,SPINE
LMB,4/15/1999,BOOM SHOCKER,NA,7.1,64,NA,NA
LMB,4/13/1999,BOOM SHOCKER,NA,7.1,69,NA,NA
LMB,4/13/1999,BOOM SHOCKER,NA,7.1,72,NA,NA
LMB,4/28/1999,BOOM SHOCKER,NA,7.1,73,NA,NA
LMB,4/2/1999,FYKE NET,NA,7.1,NA,NA,NA
LMB,4/15/1999,BOOM SHOCKER,NA,7.1,NA,NA,NA
LMB,4/15/1999,BOOM SHOCKER,NA,7.1,NA,NA,NA
LMB,4/28/1999,BOOM SHOCKER,NA,7.1,NA,NA,NA
LMB,4/28/1999,BOOM SHOCKER,NA,7.1,NA,NA,NA
LMB,4/28/1999,BOOM SHOCKER,NA,7.2,62,NA,NA
LMB,4/1/1999,FYKE NET,NA,7.2,68,2,SCALE
LMB,3/31/1999,FYKE NET,NA,7.2,70,3,NA
LMB,4/28/1999,BOOM SHOCKER,NA,7.2,NA,NA,NA
LMB,4/15/1999,BOOM SHOCKER,NA,7.3,NA,NA,NA
LMB,4/15/1999,BOOM SHOCKER,NA,7.4,63,NA,NA
LMB,4/28/1999,BOOM SHOCKER,NA,7.4,93,NA,NA
LMB,4/2/1999,FYKE NET,NA,7.4,NA,NA,NA
LMB,4/15/1999,BOOM SHOCKER,NA,7.4,NA,NA,NA
LMB,4/15/1999,BOOM SHOCKER,NA,7.4,NA,NA,NA
LMB,4/28/1999,BOOM SHOCKER,NA,7.4,NA,NA,NA
LMB,4/28/1999,BOOM SHOCKER,NA,7.4,NA,NA,NA
LMB,4/13/1999,BOOM SHOCKER,NA,7.5,81,3,SCALE
LMB,4/28/1999,BOOM SHOCKER,NA,7.6,NA,NA,NA
LMB,4/28/1999,BOOM SHOCKER,NA,7.7,87,NA,NA
LMB,4/6/1999,FYKE NET,NA,7.7,92,NA,NA
LMB,4/28/1999,BOOM SHOCKER,NA,7.7,NA,NA,NA
LMB,4/13/1999,BOOM SHOCKER,NA,7.8,350,NA,NA
LMB,4/15/1999,BOOM SHOCKER,NA,7.9,NA,NA,NA
LMB,4/15/1999,BOOM SHOCKER,NA,7.9,NA,NA,NA
LMB,4/2/1999,FYKE NET,NA,8,97,3,SCALE
LMB,4/15/1999,BOOM SHOCKER,NA,8,NA,NA,NA
LMB,4/15/1999,BOOM SHOCKER,NA,8.1,105,NA,NA
LMB,4/13/1999,BOOM SHOCKER,NA,8.1,120,NA,NA
LMB,4/15/1999,BOOM SHOCKER,NA,8.1,127,NA,NA
LMB,4/2/1999,FYKE NET,NA,8.2,98,3,SCALE
LMB,4/13/1999,BOOM SHOCKER,NA,8.2,NA,NA,NA
LMB,4/15/1999,BOOM SHOCKER,NA,8.2,NA,NA,NA
LMB,4/28/1999,BOOM SHOCKER,NA,8.2,NA,NA,NA
LMB,4/28/1999,BOOM SHOCKER,NA,8.2,NA,NA,NA
LMB,4/13/1999,BOOM SHOCKER,NA,8.3,113,3,SCALE
LMB,4/15/1999,BOOM SHOCKER,NA,8.3,NA,NA,NA
LMB,4/2/1999,FYKE NET,NA,8.4,119,3,SCALE
LMB,4/13/1999,BOOM SHOCKER,NA,8.4,NA,NA,NA
LMB,4/15/1999,BOOM SHOCKER,NA,8.5,110,3,SCALE
LMB,4/5/1999,FYKE NET,NA,8.5,113,NA,NA
LMB,4/28/1999,BOOM SHOCKER,NA,8.5,115,NA,NA
LMB,4/13/1999,BOOM SHOCKER,NA,8.5,128,3,SCALE
LMB,4/13/1999,BOOM SHOCKER,NA,8.5,NA,NA,NA
LMB,4/15/1999,BOOM SHOCKER,NA,8.5,NA,NA,NA
LMB,4/15/1999,BOOM SHOCKER,NA,8.5,NA,NA,NA
LMB,4/28/1999,BOOM SHOCKER,NA,8.5,NA,NA,NA
LMB,4/28/1999,BOOM SHOCKER,NA,8.6,124,NA,NA
LMB,4/28/1999,BOOM SHOCKER,NA,8.6,129,NA,NA
LMB,4/13/1999,BOOM SHOCKER,NA,8.6,130,NA,NA
LMB,4/28/1999,BOOM SHOCKER,NA,8.6,NA,NA,NA
LMB,4/13/1999,BOOM SHOCKER,NA,8.7,151,3,SCALE
LMB,4/15/1999,BOOM SHOCKER,NA,8.7,NA,NA,NA
LMB,4/15/1999,BOOM SHOCKER,NA,8.7,NA,NA,NA
LMB,4/28/1999,BOOM SHOCKER,NA,8.7,NA,NA,NA
LMB,4/28/1999,BOOM SHOCKER,NA,8.7,NA,NA,NA
LMB,4/28/1999,BOOM SHOCKER,NA,8.7,NA,NA,NA
LMB,4/28/1999,BOOM SHOCKER,NA,8.7,NA,NA,NA
LMB,4/5/1999,FYKE NET,NA,8.8,56,NA,NA
LMB,4/28/1999,BOOM SHOCKER,NA,8.8,126,NA,NA
LMB,4/15/1999,BOOM SHOCKER,NA,8.8,132,NA,NA
LMB,4/15/1999,BOOM SHOCKER,NA,8.8,133,NA,NA
LMB,4/15/1999,BOOM SHOCKER,NA,8.8,142,NA,NA
LMB,4/13/1999,BOOM SHOCKER,NA,8.8,148,NA,NA
LMB,4/15/1999,BOOM SHOCKER,NA,8.8,NA,NA,NA
LMB,4/15/1999,BOOM SHOCKER,NA,8.8,NA,NA,NA
LMB,4/15/1999,BOOM SHOCKER,NA,8.8,NA,NA,NA
LMB,4/28/1999,BOOM SHOCKER,NA,8.8,NA,NA,NA
LMB,4/28/1999,BOOM SHOCKER,NA,8.8,NA,NA,NA
LMB,4/28/1999,BOOM SHOCKER,NA,8.9,132,NA,NA
LMB,4/15/1999,BOOM SHOCKER,NA,8.9,135,NA,NA
LMB,4/5/1999,FYKE NET,NA,8.9,138,NA,NA
LMB,4/13/1999,BOOM SHOCKER,NA,8.9,138,NA,NA
LMB,4/7/1999,FYKE NET,NA,8.9,139,NA,NA
LMB,4/28/1999,BOOM SHOCKER,NA,8.9,144,NA,NA
LMB,4/1/1999,FYKE NET,NA,8.9,146,NA,NA
LMB,4/15/1999,BOOM SHOCKER,NA,8.9,153,NA,NA
LMB,4/15/1999,BOOM SHOCKER,NA,8.9,NA,NA,NA
LMB,4/28/1999,BOOM SHOCKER,NA,8.9,NA,NA,NA
LMB,4/28/1999,BOOM SHOCKER,NA,8.9,NA,NA,NA
LMB,4/13/1999,BOOM SHOCKER,NA,9,140,3,SCALE
LMB,4/15/1999,BOOM SHOCKER,NA,9,142,NA,NA
LMB,4/28/1999,BOOM SHOCKER,NA,9,144,NA,NA
LMB,4/13/1999,BOOM SHOCKER,NA,9,146,NA,NA
LMB,4/15/1999,BOOM SHOCKER,NA,9,147,NA,NA
LMB,4/13/1999,BOOM SHOCKER,NA,9,NA,NA,NA
LMB,4/13/1999,BOOM SHOCKER,NA,9,NA,NA,NA
LMB,4/15/1999,BOOM SHOCKER,NA,9,NA,NA,NA
LMB,4/15/1999,BOOM SHOCKER,NA,9,NA,NA,NA
LMB,4/15/1999,BOOM SHOCKER,NA,9,NA,NA,NA
LMB,4/15/1999,BOOM SHOCKER,NA,9,NA,NA,NA
LMB,4/28/1999,BOOM SHOCKER,NA,9.1,132,NA,NA
LMB,4/28/1999,BOOM SHOCKER,NA,9.1,136,NA,NA
LMB,4/13/1999,BOOM SHOCKER,NA,9.1,139,4,SCALE
LMB,4/2/1999,FYKE NET,NA,9.1,154,4,SCALE
LMB,4/13/1999,BOOM SHOCKER,NA,9.1,156,NA,NA
LMB,4/13/1999,BOOM SHOCKER,NA,9.1,158,NA,NA
LMB,4/5/1999,FYKE NET,NA,9.1,160,NA,NA
LMB,4/1/1999,FYKE NET,NA,9.1,275,3,SCALE
LMB,4/13/1999,BOOM SHOCKER,NA,9.1,NA,NA,NA
LMB,4/13/1999,BOOM SHOCKER,NA,9.1,NA,NA,NA
LMB,4/15/1999,BOOM SHOCKER,NA,9.1,NA,NA,NA
LMB,4/15/1999,BOOM SHOCKER,NA,9.1,NA,NA,NA
LMB,4/15/1999,BOOM SHOCKER,NA,9.2,147,NA,NA
LMB,4/13/1999,BOOM SHOCKER,NA,9.2,150,4,SCALE
LMB,4/13/1999,BOOM SHOCKER,NA,9.2,151,NA,NA
LMB,4/15/1999,BOOM SHOCKER,NA,9.2,152,NA,NA
LMB,4/13/1999,BOOM SHOCKER,NA,9.2,154,NA,NA
LMB,4/13/1999,BOOM SHOCKER,NA,9.2,163,4,SCALE
LMB,4/28/1999,BOOM SHOCKER,NA,9.2,172,NA,NA
LMB,4/15/1999,BOOM SHOCKER,NA,9.2,NA,NA,NA
LMB,4/15/1999,BOOM SHOCKER,NA,9.2,NA,NA,NA
LMB,4/15/1999,BOOM SHOCKER,NA,9.2,NA,NA,NA
LMB,4/28/1999,BOOM SHOCKER,NA,9.2,NA,NA,NA
LMB,4/15/1999,BOOM SHOCKER,NA,9.3,157,NA,NA
LMB,4/1/1999,FYKE NET,NA,9.3,190,4,SCALE
LMB,4/13/1999,BOOM SHOCKER,NA,9.3,NA,NA,NA
LMB,4/15/1999,BOOM SHOCKER,NA,9.3,NA,NA,NA
LMB,4/13/1999,BOOM SHOCKER,NA,9.4,143,NA,NA
LMB,4/13/1999,BOOM SHOCKER,NA,9.4,172,4,SCALE
LMB,4/28/1999,BOOM SHOCKER,NA,9.4,172,NA,NA
LMB,4/13/1999,BOOM SHOCKER,NA,9.4,NA,NA,NA
LMB,4/15/1999,BOOM SHOCKER,NA,9.4,NA,NA,NA
LMB,4/15/1999,BOOM SHOCKER,NA,9.4,NA,NA,NA
LMB,4/15/1999,BOOM SHOCKER,NA,9.4,NA,NA,NA
LMB,4/15/1999,BOOM SHOCKER,NA,9.4,NA,NA,NA
LMB,4/15/1999,BOOM SHOCKER,NA,9.4,NA,NA,NA
LMB,4/28/1999,BOOM SHOCKER,NA,9.4,NA,NA,NA
LMB,4/28/1999,BOOM SHOCKER,NA,9.4,NA,NA,NA
LMB,4/28/1999,BOOM SHOCKER,NA,9.4,NA,NA,NA
LMB,4/13/1999,BOOM SHOCKER,NA,9.5,163,NA,NA
LMB,4/13/1999,BOOM SHOCKER,NA,9.5,165,3,SCALE
LMB,4/13/1999,BOOM SHOCKER,NA,9.5,165,NA,NA
LMB,4/28/1999,BOOM SHOCKER,NA,9.5,165,NA,NA
LMB,4/13/1999,BOOM SHOCKER,NA,9.5,172,4,SCALE
LMB,4/15/1999,BOOM SHOCKER,NA,9.5,181,NA,NA
LMB,4/13/1999,BOOM SHOCKER,NA,9.5,NA,NA,NA
LMB,4/15/1999,BOOM SHOCKER,NA,9.5,NA,NA,NA
LMB,4/15/1999,BOOM SHOCKER,NA,9.5,NA,NA,NA
LMB,4/15/1999,BOOM SHOCKER,NA,9.5,NA,NA,NA
LMB,4/15/1999,BOOM SHOCKER,NA,9.5,NA,NA,NA
LMB,4/15/1999,BOOM SHOCKER,NA,9.5,NA,NA,NA
LMB,4/28/1999,BOOM SHOCKER,NA,9.5,NA,NA,NA
LMB,4/28/1999,BOOM SHOCKER,NA,9.5,NA,NA,NA
LMB,4/28/1999,BOOM SHOCKER,NA,9.5,NA,NA,NA
LMB,4/13/1999,BOOM SHOCKER,NA,9.6,169,NA,NA
LMB,4/13/1999,BOOM SHOCKER,NA,9.6,183,NA,NA
LMB,4/13/1999,BOOM SHOCKER,NA,9.6,184,NA,NA
LMB,4/13/1999,BOOM SHOCKER,NA,9.6,191,NA,NA
LMB,4/13/1999,BOOM SHOCKER,NA,9.6,NA,NA,NA
LMB,4/13/1999,BOOM SHOCKER,NA,9.6,NA,NA,NA
LMB,4/15/1999,BOOM SHOCKER,NA,9.6,NA,NA,NA
LMB,4/15/1999,BOOM SHOCKER,NA,9.6,NA,NA,NA
LMB,4/15/1999,BOOM SHOCKER,NA,9.6,NA,NA,NA
LMB,4/15/1999,BOOM SHOCKER,NA,9.6,NA,NA,NA
LMB,4/15/1999,BOOM SHOCKER,NA,9.6,NA,NA,NA
LMB,4/28/1999,BOOM SHOCKER,NA,9.6,NA,NA,NA
LMB,4/13/1999,BOOM SHOCKER,NA,9.7,169,NA,NA
LMB,4/13/1999,BOOM SHOCKER,NA,9.7,174,NA,NA
LMB,4/15/1999,BOOM SHOCKER,NA,9.7,178,3,SCALE
LMB,4/15/1999,BOOM SHOCKER,NA,9.7,178,NA,NA
LMB,4/13/1999,BOOM SHOCKER,NA,9.7,180,4,SCALE
LMB,4/28/1999,BOOM SHOCKER,NA,9.7,186,NA,NA
LMB,3/31/1999,FYKE NET,NA,9.7,187,NA,NA
LMB,4/15/1999,BOOM SHOCKER,NA,9.7,187,NA,NA
LMB,4/13/1999,BOOM SHOCKER,NA,9.7,227,NA,NA
LMB,4/13/1999,BOOM SHOCKER,NA,9.7,NA,NA,NA
LMB,4/13/1999,BOOM SHOCKER,NA,9.7,NA,NA,NA
LMB,4/15/1999,BOOM SHOCKER,NA,9.7,NA,NA,NA
LMB,4/15/1999,BOOM SHOCKER,NA,9.7,NA,NA,NA
LMB,4/15/1999,BOOM SHOCKER,NA,9.7,NA,NA,NA
LMB,4/15/1999,BOOM SHOCKER,NA,9.8,124,4,SCALE
LMB,4/13/1999,BOOM SHOCKER,NA,9.8,185,4,SCALE
LMB,4/13/1999,BOOM SHOCKER,NA,9.8,195,NA,NA
LMB,4/13/1999,BOOM SHOCKER,NA,9.8,198,NA,NA
LMB,4/13/1999,BOOM SHOCKER,NA,9.8,202,NA,NA
LMB,4/13/1999,BOOM SHOCKER,NA,9.8,204,4,SCALE
LMB,4/13/1999,BOOM SHOCKER,NA,9.8,209,NA,NA
LMB,4/13/1999,BOOM SHOCKER,NA,9.8,NA,NA,NA
LMB,4/13/1999,BOOM SHOCKER,NA,9.8,NA,NA,NA
LMB,4/15/1999,BOOM SHOCKER,NA,9.8,NA,NA,NA
LMB,4/15/1999,BOOM SHOCKER,NA,9.8,NA,NA,NA
LMB,4/28/1999,BOOM SHOCKER,NA,9.8,NA,NA,NA
LMB,4/13/1999,BOOM SHOCKER,NA,9.9,171,4,SCALE
LMB,4/13/1999,BOOM SHOCKER,NA,9.9,181,NA,NA
LMB,4/15/1999,BOOM SHOCKER,NA,9.9,191,NA,NA
LMB,4/15/1999,BOOM SHOCKER,NA,9.9,195,NA,NA
LMB,4/15/1999,BOOM SHOCKER,NA,9.9,197,NA,NA
LMB,4/28/1999,BOOM SHOCKER,NA,9.9,204,NA,NA
LMB,4/13/1999,BOOM SHOCKER,NA,9.9,207,4,SCALE
LMB,4/13/1999,BOOM SHOCKER,NA,9.9,NA,NA,NA
LMB,4/15/1999,BOOM SHOCKER,NA,9.9,NA,NA,NA
LMB,4/15/1999,BOOM SHOCKER,NA,9.9,NA,NA,NA
LMB,4/28/1999,BOOM SHOCKER,NA,9.9,NA,NA,NA
LMB,4/13/1999,BOOM SHOCKER,NA,10,194,4,SCALE
LMB,4/15/1999,BOOM SHOCKER,NA,10,195,NA,NA
LMB,4/13/1999,BOOM SHOCKER,NA,10,206,4,SCALE
LMB,4/13/1999,BOOM SHOCKER,NA,10,207,NA,NA
LMB,4/13/1999,BOOM SHOCKER,NA,10,NA,NA,NA
LMB,4/13/1999,BOOM SHOCKER,NA,10,NA,NA,NA
LMB,4/13/1999,BOOM SHOCKER,NA,10,NA,NA,NA
LMB,4/13/1999,BOOM SHOCKER,NA,10,NA,NA,NA
LMB,4/15/1999,BOOM SHOCKER,NA,10,NA,NA,NA
LMB,4/15/1999,BOOM SHOCKER,NA,10,NA,NA,NA
LMB,4/15/1999,BOOM SHOCKER,NA,10,NA,NA,NA
LMB,4/15/1999,BOOM SHOCKER,NA,10,NA,NA,NA
LMB,4/28/1999,BOOM SHOCKER,NA,10,NA,NA,NA
LMB,4/28/1999,BOOM SHOCKER,NA,10,NA,NA,NA
LMB,4/28/1999,BOOM SHOCKER,NA,10,NA,NA,NA
LMB,4/13/1999,BOOM SHOCKER,NA,10.1,183,NA,NA
LMB,4/28/1999,BOOM SHOCKER,NA,10.1,191,NA,NA
LMB,4/28/1999,BOOM SHOCKER,NA,10.1,196,NA,NA
LMB,4/13/1999,BOOM SHOCKER,NA,10.1,204,4,SCALE
LMB,4/15/1999,BOOM SHOCKER,NA,10.1,206,NA,NA
LMB,4/28/1999,BOOM SHOCKER,NA,10.1,209,NA,NA
LMB,4/13/1999,BOOM SHOCKER,NA,10.1,213,NA,NA
LMB,4/5/1999,FYKE NET,NA,10.1,235,NA,NA
LMB,4/13/1999,BOOM SHOCKER,NA,10.1,313,NA,NA
LMB,4/1/1999,FYKE NET,NA,10.1,NA,NA,NA
LMB,4/2/1999,FYKE NET,NA,10.1,NA,NA,NA
LMB,4/13/1999,BOOM SHOCKER,NA,10.1,NA,NA,NA
LMB,4/13/1999,BOOM SHOCKER,NA,10.1,NA,NA,NA
LMB,4/13/1999,BOOM SHOCKER,NA,10.1,NA,NA,NA
LMB,4/13/1999,BOOM SHOCKER,NA,10.1,NA,NA,NA
LMB,4/15/1999,BOOM SHOCKER,NA,10.1,NA,NA,NA
LMB,4/15/1999,BOOM SHOCKER,NA,10.1,NA,NA,NA
LMB,4/15/1999,BOOM SHOCKER,NA,10.1,NA,NA,NA
LMB,4/15/1999,BOOM SHOCKER,NA,10.1,NA,NA,NA
LMB,4/15/1999,BOOM SHOCKER,NA,10.1,NA,NA,NA
LMB,4/15/1999,BOOM SHOCKER,NA,10.1,NA,NA,NA
LMB,4/28/1999,BOOM SHOCKER,NA,10.1,NA,NA,NA
LMB,4/28/1999,BOOM SHOCKER,NA,10.1,NA,NA,NA
LMB,4/13/1999,BOOM SHOCKER,NA,10.2,211,NA,NA
LMB,4/13/1999,BOOM SHOCKER,NA,10.2,212,4,SCALE
LMB,4/13/1999,BOOM SHOCKER,NA,10.2,213,5,SCALE
LMB,4/13/1999,BOOM SHOCKER,NA,10.2,216,4,SCALE
LMB,4/15/1999,BOOM SHOCKER,NA,10.2,217,NA,NA
LMB,4/28/1999,BOOM SHOCKER,NA,10.2,217,NA,NA
LMB,4/28/1999,BOOM SHOCKER,NA,10.2,218,NA,NA
LMB,4/13/1999,BOOM SHOCKER,NA,10.2,223,NA,NA
LMB,4/13/1999,BOOM SHOCKER,NA,10.2,228,NA,NA
LMB,4/13/1999,BOOM SHOCKER,NA,10.2,237,NA,NA
LMB,4/13/1999,BOOM SHOCKER,NA,10.2,243,NA,NA
LMB,4/28/1999,BOOM SHOCKER,NA,10.2,245,NA,NA
LMB,4/13/1999,BOOM SHOCKER,NA,10.2,NA,NA,NA
LMB,4/13/1999,BOOM SHOCKER,NA,10.2,NA,NA,NA
LMB,4/13/1999,BOOM SHOCKER,NA,10.2,NA,NA,NA
LMB,4/15/1999,BOOM SHOCKER,NA,10.2,NA,NA,NA
LMB,4/15/1999,BOOM SHOCKER,NA,10.2,NA,NA,NA
LMB,4/15/1999,BOOM SHOCKER,NA,10.2,NA,NA,NA
LMB,4/15/1999,BOOM SHOCKER,NA,10.2,NA,NA,NA
LMB,4/28/1999,BOOM SHOCKER,NA,10.2,NA,NA,NA
LMB,4/28/1999,BOOM SHOCKER,NA,10.2,NA,NA,NA
LMB,4/28/1999,BOOM SHOCKER,NA,10.2,NA,NA,NA
LMB,4/13/1999,BOOM SHOCKER,NA,10.3,194,4,SCALE
LMB,4/13/1999,BOOM SHOCKER,NA,10.3,209,5,SCALE
LMB,4/13/1999,BOOM SHOCKER,NA,10.3,210,NA,NA
LMB,4/15/1999,BOOM SHOCKER,NA,10.3,218,NA,NA
LMB,4/28/1999,BOOM SHOCKER,NA,10.3,222,NA,NA
LMB,4/13/1999,BOOM SHOCKER,NA,10.3,238,5,SCALE
LMB,4/13/1999,BOOM SHOCKER,NA,10.3,242,NA,NA
LMB,4/13/1999,BOOM SHOCKER,NA,10.3,313,NA,NA
LMB,4/2/1999,FYKE NET,NA,10.3,NA,NA,NA
LMB,4/15/1999,BOOM SHOCKER,NA,10.3,NA,NA,NA
LMB,4/15/1999,BOOM SHOCKER,NA,10.3,NA,NA,NA
LMB,4/15/1999,BOOM SHOCKER,NA,10.3,NA,NA,NA
LMB,4/15/1999,BOOM SHOCKER,NA,10.3,NA,NA,NA
LMB,4/15/1999,BOOM SHOCKER,NA,10.3,NA,NA,NA
LMB,4/28/1999,BOOM SHOCKER,NA,10.3,NA,NA,NA
LMB,4/28/1999,BOOM SHOCKER,NA,10.3,NA,NA,NA
LMB,4/13/1999,BOOM SHOCKER,NA,10.4,195,5,SCALE
LMB,4/15/1999,BOOM SHOCKER,NA,10.4,219,NA,NA
LMB,4/13/1999,BOOM SHOCKER,NA,10.4,220,NA,NA
LMB,4/13/1999,BOOM SHOCKER,NA,10.4,224,NA,NA
LMB,4/15/1999,BOOM SHOCKER,NA,10.4,226,NA,NA
LMB,4/1/1999,FYKE NET,NA,10.4,235,4,SCALE
LMB,4/13/1999,BOOM SHOCKER,NA,10.4,236,5,SCALE
LMB,4/13/1999,BOOM SHOCKER,NA,10.4,239,NA,NA
LMB,4/28/1999,BOOM SHOCKER,NA,10.4,241,NA,NA
LMB,4/13/1999,BOOM SHOCKER,NA,10.4,245,NA,NA
LMB,4/13/1999,BOOM SHOCKER,NA,10.4,NA,NA,NA
LMB,4/13/1999,BOOM SHOCKER,NA,10.4,NA,NA,NA
LMB,4/13/1999,BOOM SHOCKER,NA,10.4,NA,NA,NA
LMB,4/13/1999,BOOM SHOCKER,NA,10.4,NA,NA,NA
LMB,4/15/1999,BOOM SHOCKER,NA,10.4,NA,NA,NA
LMB,4/15/1999,BOOM SHOCKER,NA,10.4,NA,NA,NA
LMB,4/15/1999,BOOM SHOCKER,NA,10.4,NA,NA,NA
LMB,4/15/1999,BOOM SHOCKER,NA,10.4,NA,NA,NA
LMB,4/15/1999,BOOM SHOCKER,NA,10.4,NA,NA,NA
LMB,4/28/1999,BOOM SHOCKER,NA,10.4,NA,NA,NA
LMB,4/28/1999,BOOM SHOCKER,NA,10.4,NA,NA,NA
LMB,4/15/1999,BOOM SHOCKER,NA,10.5,207,NA,NA
LMB,3/31/1999,FYKE NET,NA,10.5,217,NA,NA
LMB,4/15/1999,BOOM SHOCKER,NA,10.5,225,NA,NA
LMB,4/13/1999,BOOM SHOCKER,NA,10.5,227,NA,NA
LMB,4/13/1999,BOOM SHOCKER,NA,10.5,227,NA,NA
LMB,4/13/1999,BOOM SHOCKER,NA,10.5,232,4,SCALE
LMB,4/13/1999,BOOM SHOCKER,NA,10.5,234,NA,NA
LMB,4/13/1999,BOOM SHOCKER,NA,10.5,238,NA,NA
LMB,4/13/1999,BOOM SHOCKER,NA,10.5,243,4,SCALE
LMB,4/13/1999,BOOM SHOCKER,NA,10.5,246,NA,NA
LMB,4/13/1999,BOOM SHOCKER,NA,10.5,248,NA,NA
LMB,4/13/1999,BOOM SHOCKER,NA,10.5,NA,NA,NA
LMB,4/13/1999,BOOM SHOCKER,NA,10.5,NA,NA,NA
LMB,4/13/1999,BOOM SHOCKER,NA,10.5,NA,NA,NA
LMB,4/13/1999,BOOM SHOCKER,NA,10.5,NA,NA,NA
LMB,4/13/1999,BOOM SHOCKER,NA,10.5,NA,NA,NA
LMB,4/15/1999,BOOM SHOCKER,NA,10.5,NA,NA,NA
LMB,4/15/1999,BOOM SHOCKER,NA,10.5,NA,NA,NA
LMB,4/15/1999,BOOM SHOCKER,NA,10.5,NA,NA,NA
LMB,4/15/1999,BOOM SHOCKER,NA,10.5,NA,NA,NA
LMB,4/15/1999,BOOM SHOCKER,NA,10.5,NA,NA,NA
LMB,4/15/1999,BOOM SHOCKER,NA,10.5,NA,NA,NA
LMB,4/15/1999,BOOM SHOCKER,NA,10.5,NA,NA,NA
LMB,4/15/1999,BOOM SHOCKER,NA,10.5,NA,NA,NA
LMB,4/15/1999,BOOM SHOCKER,NA,10.5,NA,NA,NA
LMB,4/28/1999,BOOM SHOCKER,NA,10.5,NA,NA,NA
LMB,4/28/1999,BOOM SHOCKER,NA,10.5,NA,NA,NA
LMB,4/13/1999,BOOM SHOCKER,NA,10.6,233,5,SCALE
LMB,4/28/1999,BOOM SHOCKER,NA,10.6,234,NA,NA
LMB,4/13/1999,BOOM SHOCKER,NA,10.6,235,5,SCALE
LMB,4/13/1999,BOOM SHOCKER,NA,10.6,239,4,SCALE
LMB,4/13/1999,BOOM SHOCKER,NA,10.6,NA,NA,NA
LMB,4/13/1999,BOOM SHOCKER,NA,10.6,NA,NA,NA
LMB,4/13/1999,BOOM SHOCKER,NA,10.6,NA,NA,NA
LMB,4/13/1999,BOOM SHOCKER,NA,10.6,NA,NA,NA
LMB,4/15/1999,BOOM SHOCKER,NA,10.6,NA,NA,NA
LMB,4/15/1999,BOOM SHOCKER,NA,10.6,NA,NA,NA
LMB,4/15/1999,BOOM SHOCKER,NA,10.6,NA,NA,NA
LMB,4/15/1999,BOOM SHOCKER,NA,10.6,NA,NA,NA
LMB,4/15/1999,BOOM SHOCKER,NA,10.6,NA,NA,NA
LMB,4/15/1999,BOOM SHOCKER,NA,10.6,NA,NA,NA
LMB,4/28/1999,BOOM SHOCKER,NA,10.6,NA,NA,NA
LMB,4/28/1999,BOOM SHOCKER,NA,10.6,NA,NA,NA
LMB,4/28/1999,BOOM SHOCKER,NA,10.6,NA,NA,NA
LMB,3/31/1999,FYKE NET,NA,10.7,228,NA,NA
LMB,4/13/1999,BOOM SHOCKER,NA,10.7,240,5,SCALE
LMB,4/2/1999,FYKE NET,NA,10.7,245,5,SCALE
LMB,4/13/1999,BOOM SHOCKER,NA,10.7,247,NA,NA
LMB,4/13/1999,BOOM SHOCKER,NA,10.7,250,4,SCALE
LMB,4/13/1999,BOOM SHOCKER,NA,10.7,261,NA,NA
LMB,4/28/1999,BOOM SHOCKER,NA,10.7,265,NA,NA
LMB,4/13/1999,BOOM SHOCKER,NA,10.7,NA,NA,NA
LMB,4/13/1999,BOOM SHOCKER,NA,10.7,NA,NA,NA
LMB,4/15/1999,BOOM SHOCKER,NA,10.7,NA,NA,NA
LMB,4/1/1999,FYKE NET,NA,10.8,242,NA,NA
LMB,4/13/1999,BOOM SHOCKER,NA,10.8,242,5,SCALE
LMB,3/31/1999,FYKE NET,NA,10.8,244,NA,NA
LMB,4/13/1999,BOOM SHOCKER,NA,10.8,245,NA,NA
LMB,4/28/1999,BOOM SHOCKER,NA,10.8,255,NA,NA
LMB,4/13/1999,BOOM SHOCKER,NA,10.8,264,NA,NA
LMB,4/13/1999,BOOM SHOCKER,NA,10.8,264,NA,NA
LMB,4/5/1999,FYKE NET,NA,10.8,NA,NA,NA
LMB,4/13/1999,BOOM SHOCKER,NA,10.8,NA,NA,NA
LMB,4/13/1999,BOOM SHOCKER,NA,10.8,NA,NA,NA
LMB,4/15/1999,BOOM SHOCKER,NA,10.8,NA,NA,NA
LMB,4/15/1999,BOOM SHOCKER,NA,10.8,NA,NA,NA
LMB,4/15/1999,BOOM SHOCKER,NA,10.8,NA,NA,NA
LMB,4/15/1999,BOOM SHOCKER,NA,10.8,NA,NA,NA
LMB,4/2/1999,FYKE NET,NA,10.9,232,4,SCALE
LMB,4/13/1999,BOOM SHOCKER,NA,10.9,243,4,SCALE
LMB,4/13/1999,BOOM SHOCKER,NA,10.9,244,5,SCALE
LMB,4/13/1999,BOOM SHOCKER,NA,10.9,257,NA,NA
LMB,4/1/1999,FYKE NET,NA,10.9,261,5,SCALE
LMB,4/28/1999,BOOM SHOCKER,NA,10.9,271,NA,NA
LMB,4/13/1999,BOOM SHOCKER,NA,10.9,281,NA,NA
LMB,4/13/1999,BOOM SHOCKER,NA,10.9,281,NA,NA
LMB,4/13/1999,BOOM SHOCKER,NA,10.9,341,NA,NA
LMB,4/13/1999,BOOM SHOCKER,NA,10.9,NA,NA,NA
LMB,4/13/1999,BOOM SHOCKER,NA,10.9,NA,NA,NA
LMB,4/13/1999,BOOM SHOCKER,NA,10.9,NA,NA,NA
LMB,4/13/1999,BOOM SHOCKER,NA,10.9,NA,NA,NA
LMB,4/15/1999,BOOM SHOCKER,NA,10.9,NA,NA,NA
LMB,4/15/1999,BOOM SHOCKER,NA,10.9,NA,NA,NA
LMB,4/15/1999,BOOM SHOCKER,NA,10.9,NA,NA,NA
LMB,4/15/1999,BOOM SHOCKER,NA,10.9,NA,NA,NA
LMB,4/15/1999,BOOM SHOCKER,NA,10.9,NA,NA,NA
LMB,4/15/1999,BOOM SHOCKER,NA,10.9,NA,NA,NA
LMB,4/28/1999,BOOM SHOCKER,NA,10.9,NA,NA,NA
LMB,4/28/1999,BOOM SHOCKER,NA,10.9,NA,NA,NA
LMB,4/13/1999,BOOM SHOCKER,NA,11,227,NA,NA
LMB,3/31/1999,FYKE NET,NA,11,258,NA,NA
LMB,4/13/1999,BOOM SHOCKER,NA,11,260,NA,NA
LMB,4/13/1999,BOOM SHOCKER,NA,11,262,6,SCALE
LMB,4/13/1999,BOOM SHOCKER,NA,11,269,NA,NA
LMB,3/31/1999,FYKE NET,NA,11,271,NA,NA
LMB,4/13/1999,BOOM SHOCKER,NA,11,274,NA,NA
LMB,4/13/1999,BOOM SHOCKER,NA,11,279,5,SCALE
LMB,4/13/1999,BOOM SHOCKER,NA,11,288,6,SCALE
LMB,4/15/1999,BOOM SHOCKER,NA,11,289,NA,NA
LMB,4/28/1999,BOOM SHOCKER,NA,11,303,NA,NA
LMB,4/15/1999,BOOM SHOCKER,NA,11,NA,NA,NA
LMB,4/15/1999,BOOM SHOCKER,NA,11,NA,NA,NA
LMB,4/15/1999,BOOM SHOCKER,NA,11,NA,NA,NA
LMB,4/15/1999,BOOM SHOCKER,NA,11,NA,NA,NA
LMB,4/15/1999,BOOM SHOCKER,NA,11,NA,NA,NA
LMB,4/13/1999,BOOM SHOCKER,NA,11.1,264,NA,NA
LMB,4/15/1999,BOOM SHOCKER,NA,11.1,281,NA,NA
LMB,4/13/1999,BOOM SHOCKER,NA,11.1,283,NA,NA
LMB,4/28/1999,BOOM SHOCKER,NA,11.1,283,NA,NA
LMB,4/13/1999,BOOM SHOCKER,NA,11.1,290,NA,NA
LMB,4/13/1999,BOOM SHOCKER,NA,11.1,398,NA,NA
LMB,4/13/1999,BOOM SHOCKER,NA,11.1,NA,NA,NA
LMB,4/15/1999,BOOM SHOCKER,NA,11.1,NA,NA,NA
LMB,4/15/1999,BOOM SHOCKER,NA,11.1,NA,NA,NA
LMB,4/15/1999,BOOM SHOCKER,NA,11.1,NA,NA,NA
LMB,4/15/1999,BOOM SHOCKER,NA,11.1,NA,NA,NA
LMB,4/15/1999,BOOM SHOCKER,NA,11.1,NA,NA,NA
LMB,4/15/1999,BOOM SHOCKER,NA,11.1,NA,NA,NA
LMB,4/6/1999,FYKE NET,NA,11.2,269,NA,NA
LMB,4/13/1999,BOOM SHOCKER,NA,11.2,271,NA,NA
LMB,4/13/1999,BOOM SHOCKER,NA,11.2,282,NA,NA
LMB,4/28/1999,BOOM SHOCKER,NA,11.2,288,NA,NA
LMB,4/13/1999,BOOM SHOCKER,NA,11.2,289,6,SCALE
LMB,4/13/1999,BOOM SHOCKER,NA,11.2,293,NA,NA
LMB,4/1/1999,FYKE NET,NA,11.2,294,NA,NA
LMB,4/13/1999,BOOM SHOCKER,NA,11.2,298,NA,NA
LMB,4/1/1999,FYKE NET,NA,11.2,302,NA,NA
LMB,4/13/1999,BOOM SHOCKER,NA,11.2,304,NA,NA
LMB,4/13/1999,BOOM SHOCKER,NA,11.2,312,NA,NA
LMB,4/13/1999,BOOM SHOCKER,NA,11.2,316,NA,NA
LMB,4/13/1999,BOOM SHOCKER,NA,11.2,325,6,SCALE
LMB,4/13/1999,BOOM SHOCKER,NA,11.2,NA,NA,NA
LMB,4/13/1999,BOOM SHOCKER,NA,11.2,NA,NA,NA
LMB,4/13/1999,BOOM SHOCKER,NA,11.2,NA,NA,NA
LMB,4/15/1999,BOOM SHOCKER,NA,11.2,NA,NA,NA
LMB,4/15/1999,BOOM SHOCKER,NA,11.2,NA,NA,NA
LMB,4/15/1999,BOOM SHOCKER,NA,11.2,NA,NA,NA
LMB,4/15/1999,BOOM SHOCKER,NA,11.2,NA,NA,NA
LMB,4/15/1999,BOOM SHOCKER,NA,11.2,NA,NA,NA
LMB,4/15/1999,BOOM SHOCKER,NA,11.2,NA,NA,NA
LMB,4/15/1999,BOOM SHOCKER,NA,11.2,NA,NA,NA
LMB,4/15/1999,BOOM SHOCKER,NA,11.2,NA,NA,NA
LMB,4/28/1999,BOOM SHOCKER,NA,11.2,NA,NA,NA
LMB,4/28/1999,BOOM SHOCKER,NA,11.2,NA,NA,NA
LMB,4/28/1999,BOOM SHOCKER,NA,11.2,NA,NA,NA
LMB,4/28/1999,BOOM SHOCKER,NA,11.2,NA,NA,NA
LMB,4/6/1999,FYKE NET,NA,11.3,280,NA,NA
LMB,4/15/1999,BOOM SHOCKER,NA,11.3,283,NA,NA
LMB,4/13/1999,BOOM SHOCKER,NA,11.3,314,NA,NA
LMB,4/28/1999,BOOM SHOCKER,NA,11.3,318,NA,NA
LMB,4/28/1999,BOOM SHOCKER,NA,11.3,323,NA,NA
LMB,4/13/1999,BOOM SHOCKER,NA,11.3,NA,NA,NA
LMB,4/13/1999,BOOM SHOCKER,NA,11.3,NA,NA,NA
LMB,4/15/1999,BOOM SHOCKER,NA,11.3,NA,NA,NA
LMB,4/15/1999,BOOM SHOCKER,NA,11.3,NA,NA,NA
LMB,4/15/1999,BOOM SHOCKER,NA,11.3,NA,NA,NA
LMB,4/15/1999,BOOM SHOCKER,NA,11.3,NA,NA,NA
LMB,4/15/1999,BOOM SHOCKER,NA,11.3,NA,NA,NA
LMB,4/15/1999,BOOM SHOCKER,NA,11.3,NA,NA,NA
LMB,4/15/1999,BOOM SHOCKER,NA,11.4,234,NA,NA
LMB,4/1/1999,FYKE NET,NA,11.4,297,5,SCALE
LMB,4/13/1999,BOOM SHOCKER,NA,11.4,304,NA,NA
LMB,4/13/1999,BOOM SHOCKER,NA,11.4,340,NA,NA
LMB,4/13/1999,BOOM SHOCKER,NA,11.4,371,NA,NA
LMB,4/13/1999,BOOM SHOCKER,NA,11.4,398,NA,NA
LMB,4/13/1999,BOOM SHOCKER,NA,11.4,398,6,SCALE
LMB,4/13/1999,BOOM SHOCKER,NA,11.4,NA,NA,NA
LMB,4/13/1999,BOOM SHOCKER,NA,11.4,NA,NA,NA
LMB,4/15/1999,BOOM SHOCKER,NA,11.4,NA,NA,NA
LMB,4/28/1999,BOOM SHOCKER,NA,11.4,NA,NA,NA
LMB,4/15/1999,BOOM SHOCKER,NA,11.5,295,NA,NA
LMB,3/31/1999,FYKE NET,NA,11.5,297,NA,NA
LMB,4/13/1999,BOOM SHOCKER,NA,11.5,299,NA,NA
LMB,4/13/1999,BOOM SHOCKER,NA,11.5,300,NA,NA
LMB,4/15/1999,BOOM SHOCKER,NA,11.5,300,NA,NA
LMB,4/2/1999,FYKE NET,NA,11.5,302,6,SCALE
LMB,4/28/1999,BOOM SHOCKER,NA,11.5,313,NA,NA
LMB,4/15/1999,BOOM SHOCKER,NA,11.5,330,NA,NA
LMB,4/13/1999,BOOM SHOCKER,NA,11.5,338,NA,NA
LMB,4/28/1999,BOOM SHOCKER,NA,11.5,345,NA,NA
LMB,4/15/1999,BOOM SHOCKER,NA,11.5,NA,NA,NA
LMB,4/15/1999,BOOM SHOCKER,NA,11.5,NA,NA,NA
LMB,4/28/1999,BOOM SHOCKER,NA,11.5,NA,NA,NA
LMB,4/1/1999,FYKE NET,NA,11.6,295,NA,NA
LMB,4/13/1999,BOOM SHOCKER,NA,11.6,306,NA,NA
LMB,4/13/1999,BOOM SHOCKER,NA,11.6,309,NA,NA
LMB,3/31/1999,FYKE NET,NA,11.6,312,NA,NA
LMB,4/13/1999,BOOM SHOCKER,NA,11.6,314,NA,NA
LMB,3/31/1999,FYKE NET,NA,11.6,316,NA,NA
LMB,4/13/1999,BOOM SHOCKER,NA,11.6,348,NA,NA
LMB,4/2/1999,FYKE NET,NA,11.6,350,5,SCALE
LMB,4/13/1999,BOOM SHOCKER,NA,11.6,350,NA,NA
LMB,4/2/1999,FYKE NET,NA,11.6,352,6,SCALE
LMB,4/13/1999,BOOM SHOCKER,NA,11.6,361,NA,NA
LMB,4/13/1999,BOOM SHOCKER,NA,11.6,375,NA,NA
LMB,4/13/1999,BOOM SHOCKER,NA,11.6,386,NA,NA
LMB,4/13/1999,BOOM SHOCKER,NA,11.6,NA,NA,NA
LMB,4/13/1999,BOOM SHOCKER,NA,11.6,NA,NA,NA
LMB,4/15/1999,BOOM SHOCKER,NA,11.6,NA,NA,NA
LMB,4/15/1999,BOOM SHOCKER,NA,11.6,NA,NA,NA
LMB,4/28/1999,BOOM SHOCKER,NA,11.6,NA,NA,NA
LMB,4/28/1999,BOOM SHOCKER,NA,11.6,NA,NA,NA
LMB,4/28/1999,BOOM SHOCKER,NA,11.6,NA,NA,NA
LMB,4/28/1999,BOOM SHOCKER,NA,11.6,NA,NA,NA
LMB,4/15/1999,BOOM SHOCKER,NA,11.7,303,NA,NA
LMB,4/28/1999,BOOM SHOCKER,NA,11.7,304,NA,NA
LMB,4/13/1999,BOOM SHOCKER,NA,11.7,321,5,SCALE
LMB,4/13/1999,BOOM SHOCKER,NA,11.7,336,6,SCALE
LMB,4/13/1999,BOOM SHOCKER,NA,11.7,337,NA,NA
LMB,4/28/1999,BOOM SHOCKER,NA,11.7,341,NA,NA
LMB,4/6/1999,FYKE NET,NA,11.7,343,NA,NA
LMB,4/13/1999,BOOM SHOCKER,NA,11.7,348,NA,NA
LMB,4/13/1999,BOOM SHOCKER,NA,11.7,369,6,SCALE
LMB,4/13/1999,BOOM SHOCKER,NA,11.7,NA,NA,NA
LMB,4/13/1999,BOOM SHOCKER,NA,11.7,NA,NA,NA
LMB,4/15/1999,BOOM SHOCKER,NA,11.7,NA,NA,NA
LMB,4/15/1999,BOOM SHOCKER,NA,11.7,NA,NA,NA
LMB,4/15/1999,BOOM SHOCKER,NA,11.7,NA,NA,NA
LMB,4/15/1999,BOOM SHOCKER,NA,11.7,NA,NA,NA
LMB,4/13/1999,BOOM SHOCKER,NA,11.8,296,NA,NA
LMB,4/13/1999,BOOM SHOCKER,NA,11.8,322,5,SCALE
LMB,4/13/1999,BOOM SHOCKER,NA,11.8,331,NA,NA
LMB,4/1/1999,FYKE NET,NA,11.8,337,6,SCALE
LMB,4/13/1999,BOOM SHOCKER,NA,11.8,338,NA,NA
LMB,4/13/1999,BOOM SHOCKER,NA,11.8,344,5,SCALE
LMB,4/2/1999,FYKE NET,NA,11.8,351,5,SCALE
LMB,4/13/1999,BOOM SHOCKER,NA,11.8,353,NA,NA
LMB,4/1/1999,FYKE NET,NA,11.8,361,6,SCALE
LMB,4/13/1999,BOOM SHOCKER,NA,11.8,362,NA,NA
LMB,4/13/1999,BOOM SHOCKER,NA,11.8,374,NA,NA
LMB,4/28/1999,BOOM SHOCKER,NA,11.8,374,NA,NA
LMB,4/28/1999,BOOM SHOCKER,NA,11.8,376,NA,NA
LMB,4/15/1999,BOOM SHOCKER,NA,11.8,NA,NA,NA
LMB,4/15/1999,BOOM SHOCKER,NA,11.8,NA,NA,NA
LMB,4/15/1999,BOOM SHOCKER,NA,11.8,NA,NA,NA
LMB,4/15/1999,BOOM SHOCKER,NA,11.8,NA,NA,NA
LMB,4/15/1999,BOOM SHOCKER,NA,11.8,NA,NA,NA
LMB,4/13/1999,BOOM SHOCKER,NA,11.9,334,NA,NA
LMB,4/13/1999,BOOM SHOCKER,NA,11.9,335,NA,NA
LMB,4/6/1999,FYKE NET,NA,11.9,342,NA,NA
LMB,4/13/1999,BOOM SHOCKER,NA,11.9,342,NA,NA
LMB,4/13/1999,BOOM SHOCKER,NA,11.9,342,NA,NA
LMB,4/15/1999,BOOM SHOCKER,NA,11.9,344,NA,NA
LMB,4/13/1999,BOOM SHOCKER,NA,11.9,346,5,SCALE
LMB,4/13/1999,BOOM SHOCKER,NA,11.9,349,NA,NA
LMB,4/13/1999,BOOM SHOCKER,NA,11.9,350,6,SCALE
LMB,4/13/1999,BOOM SHOCKER,NA,11.9,354,NA,NA
LMB,4/13/1999,BOOM SHOCKER,NA,11.9,359,NA,NA
LMB,4/13/1999,BOOM SHOCKER,NA,11.9,359,NA,NA
LMB,4/13/1999,BOOM SHOCKER,NA,11.9,NA,NA,NA
LMB,4/13/1999,BOOM SHOCKER,NA,11.9,NA,NA,NA
LMB,4/15/1999,BOOM SHOCKER,NA,11.9,NA,NA,NA
LMB,4/15/1999,BOOM SHOCKER,NA,11.9,NA,NA,NA
LMB,4/15/1999,BOOM SHOCKER,NA,11.9,NA,NA,NA
LMB,4/1/1999,FYKE NET,NA,12,342,NA,NA
LMB,4/15/1999,BOOM SHOCKER,NA,12,356,NA,NA
LMB,4/13/1999,BOOM SHOCKER,NA,12,366,5,SCALE
LMB,4/13/1999,BOOM SHOCKER,NA,12,377,6,SCALE
LMB,4/13/1999,BOOM SHOCKER,NA,12,378,NA,NA
LMB,4/13/1999,BOOM SHOCKER,NA,12,382,NA,NA
LMB,4/13/1999,BOOM SHOCKER,NA,12,391,NA,NA
LMB,4/13/1999,BOOM SHOCKER,NA,12,NA,NA,NA
LMB,4/15/1999,BOOM SHOCKER,NA,12,NA,NA,NA
LMB,4/15/1999,BOOM SHOCKER,NA,12,NA,NA,NA
LMB,4/15/1999,BOOM SHOCKER,NA,12,NA,NA,NA
LMB,4/28/1999,BOOM SHOCKER,NA,12,NA,NA,NA
LMB,4/13/1999,BOOM SHOCKER,NA,12.1,334,NA,NA
LMB,4/13/1999,BOOM SHOCKER,NA,12.1,342,NA,NA
LMB,4/28/1999,BOOM SHOCKER,NA,12.1,350,NA,NA
LMB,4/13/1999,BOOM SHOCKER,NA,12.1,354,NA,NA
LMB,4/13/1999,BOOM SHOCKER,NA,12.1,356,NA,NA
LMB,4/15/1999,BOOM SHOCKER,NA,12.1,367,NA,NA
LMB,4/13/1999,BOOM SHOCKER,NA,12.1,375,NA,NA
LMB,4/15/1999,BOOM SHOCKER,NA,12.1,375,NA,NA
LMB,4/13/1999,BOOM SHOCKER,NA,12.1,380,NA,NA
LMB,4/1/1999,FYKE NET,NA,12.1,387,NA,NA
LMB,4/13/1999,BOOM SHOCKER,NA,12.1,414,NA,NA
LMB,4/13/1999,BOOM SHOCKER,NA,12.1,NA,NA,NA
LMB,4/13/1999,BOOM SHOCKER,NA,12.1,NA,NA,NA
LMB,4/15/1999,BOOM SHOCKER,NA,12.1,NA,NA,NA
LMB,4/28/1999,BOOM SHOCKER,NA,12.1,NA,NA,NA
LMB,4/28/1999,BOOM SHOCKER,NA,12.1,NA,NA,NA
LMB,4/13/1999,BOOM SHOCKER,NA,12.2,337,NA,NA
LMB,4/13/1999,BOOM SHOCKER,NA,12.2,358,6,SCALE
LMB,4/13/1999,BOOM SHOCKER,NA,12.2,362,NA,NA
LMB,4/13/1999,BOOM SHOCKER,NA,12.2,367,NA,NA
LMB,4/13/1999,BOOM SHOCKER,NA,12.2,376,NA,NA
LMB,4/13/1999,BOOM SHOCKER,NA,12.2,376,NA,NA
LMB,4/13/1999,BOOM SHOCKER,NA,12.2,382,NA,NA
LMB,4/13/1999,BOOM SHOCKER,NA,12.2,388,NA,NA
LMB,4/13/1999,BOOM SHOCKER,NA,12.2,389,NA,NA
LMB,4/1/1999,FYKE NET,NA,12.2,393,NA,NA
LMB,4/15/1999,BOOM SHOCKER,NA,12.2,408,NA,NA
LMB,4/28/1999,BOOM SHOCKER,NA,12.2,412,NA,NA
LMB,4/13/1999,BOOM SHOCKER,NA,12.2,413,5,SCALE
LMB,4/13/1999,BOOM SHOCKER,NA,12.2,434,NA,NA
LMB,4/13/1999,BOOM SHOCKER,NA,12.2,511,NA,NA
LMB,3/31/1999,FYKE NET,NA,12.2,NA,NA,NA
LMB,4/13/1999,BOOM SHOCKER,NA,12.2,NA,NA,NA
LMB,4/13/1999,BOOM SHOCKER,NA,12.2,NA,NA,NA
LMB,4/13/1999,BOOM SHOCKER,NA,12.2,NA,NA,NA
LMB,4/13/1999,BOOM SHOCKER,NA,12.2,NA,NA,NA
LMB,4/15/1999,BOOM SHOCKER,NA,12.2,NA,NA,NA
LMB,4/28/1999,BOOM SHOCKER,NA,12.2,NA,NA,NA
LMB,4/13/1999,BOOM SHOCKER,NA,12.3,362,6,SCALE
LMB,4/1/1999,FYKE NET,NA,12.3,373,NA,NA
LMB,4/13/1999,BOOM SHOCKER,NA,12.3,384,NA,NA
LMB,4/13/1999,BOOM SHOCKER,NA,12.3,389,NA,NA
LMB,4/15/1999,BOOM SHOCKER,NA,12.3,401,NA,NA
LMB,4/28/1999,BOOM SHOCKER,NA,12.3,402,NA,NA
LMB,4/13/1999,BOOM SHOCKER,NA,12.3,403,5,SCALE
LMB,4/13/1999,BOOM SHOCKER,NA,12.3,404,6,SCALE
LMB,4/13/1999,BOOM SHOCKER,NA,12.3,408,6,SCALE
LMB,4/13/1999,BOOM SHOCKER,NA,12.3,411,NA,NA
LMB,4/13/1999,BOOM SHOCKER,NA,12.3,430,NA,NA
LMB,4/13/1999,BOOM SHOCKER,NA,12.3,483,NA,NA
LMB,3/31/1999,FYKE NET,NA,12.3,NA,NA,NA
LMB,4/13/1999,BOOM SHOCKER,NA,12.3,NA,NA,NA
LMB,4/13/1999,BOOM SHOCKER,NA,12.3,NA,NA,NA
LMB,4/15/1999,BOOM SHOCKER,NA,12.3,NA,NA,NA
LMB,4/15/1999,BOOM SHOCKER,NA,12.3,NA,NA,NA
LMB,4/15/1999,BOOM SHOCKER,NA,12.3,NA,NA,NA
LMB,4/15/1999,BOOM SHOCKER,NA,12.3,NA,NA,NA
LMB,4/15/1999,BOOM SHOCKER,NA,12.3,NA,NA,NA
LMB,4/15/1999,BOOM SHOCKER,NA,12.3,NA,NA,NA
LMB,4/28/1999,BOOM SHOCKER,NA,12.3,NA,NA,NA
LMB,4/28/1999,BOOM SHOCKER,NA,12.3,NA,NA,NA
LMB,4/13/1999,BOOM SHOCKER,NA,12.4,305,NA,NA
LMB,4/15/1999,BOOM SHOCKER,NA,12.4,391,NA,NA
LMB,4/2/1999,FYKE NET,NA,12.4,396,6,SCALE
LMB,4/28/1999,BOOM SHOCKER,NA,12.4,398,NA,NA
LMB,4/13/1999,BOOM SHOCKER,NA,12.4,399,7,SCALE
LMB,4/13/1999,BOOM SHOCKER,NA,12.4,407,6,SCALE
LMB,4/28/1999,BOOM SHOCKER,NA,12.4,410,NA,NA
LMB,4/13/1999,BOOM SHOCKER,NA,12.4,420,NA,NA
LMB,4/13/1999,BOOM SHOCKER,NA,12.4,428,NA,NA
LMB,4/2/1999,FYKE NET,NA,12.4,NA,NA,NA
LMB,4/13/1999,BOOM SHOCKER,NA,12.4,NA,NA,NA
LMB,4/15/1999,BOOM SHOCKER,NA,12.4,NA,NA,NA
LMB,4/28/1999,BOOM SHOCKER,NA,12.4,NA,NA,NA
LMB,4/15/1999,BOOM SHOCKER,NA,12.5,392,NA,NA
LMB,3/31/1999,FYKE NET,NA,12.5,400,NA,NA
LMB,4/15/1999,BOOM SHOCKER,NA,12.5,402,NA,NA
LMB,4/15/1999,BOOM SHOCKER,NA,12.5,425,NA,NA
LMB,4/1/1999,FYKE NET,NA,12.5,438,5,SCALE
LMB,4/13/1999,BOOM SHOCKER,NA,12.5,458,NA,NA
LMB,4/13/1999,BOOM SHOCKER,NA,12.5,492,6,SCALE
LMB,4/13/1999,BOOM SHOCKER,NA,12.5,511,NA,NA
LMB,4/13/1999,BOOM SHOCKER,NA,12.5,NA,NA,NA
LMB,4/15/1999,BOOM SHOCKER,NA,12.5,NA,NA,NA
LMB,4/15/1999,BOOM SHOCKER,NA,12.5,NA,NA,NA
LMB,4/28/1999,BOOM SHOCKER,NA,12.6,378,NA,NA
LMB,4/1/1999,FYKE NET,NA,12.6,402,6,SCALE
LMB,4/28/1999,BOOM SHOCKER,NA,12.6,411,NA,NA
LMB,4/15/1999,BOOM SHOCKER,NA,12.6,413,NA,NA
LMB,4/13/1999,BOOM SHOCKER,NA,12.6,427,NA,NA
LMB,4/13/1999,BOOM SHOCKER,NA,12.6,450,NA,NA
LMB,4/13/1999,BOOM SHOCKER,NA,12.6,501,NA,NA
LMB,4/13/1999,BOOM SHOCKER,NA,12.6,511,NA,NA
LMB,4/13/1999,BOOM SHOCKER,NA,12.6,NA,NA,NA
LMB,4/13/1999,BOOM SHOCKER,NA,12.6,NA,NA,NA
LMB,4/15/1999,BOOM SHOCKER,NA,12.6,NA,NA,NA
LMB,4/13/1999,BOOM SHOCKER,NA,12.7,392,NA,NA
LMB,4/1/1999,FYKE NET,NA,12.7,434,6,SCALE
LMB,4/13/1999,BOOM SHOCKER,NA,12.7,440,NA,NA
LMB,3/31/1999,FYKE NET,NA,12.7,486,NA,NA
LMB,4/13/1999,BOOM SHOCKER,NA,12.7,NA,NA,NA
LMB,4/15/1999,BOOM SHOCKER,NA,12.7,NA,NA,NA
LMB,4/15/1999,BOOM SHOCKER,NA,12.7,NA,NA,NA
LMB,4/15/1999,BOOM SHOCKER,NA,12.7,NA,NA,NA
LMB,4/13/1999,BOOM SHOCKER,NA,12.8,411,NA,NA
LMB,4/13/1999,BOOM SHOCKER,NA,12.8,426,5,SCALE
LMB,4/13/1999,BOOM SHOCKER,NA,12.8,449,NA,NA
LMB,4/13/1999,BOOM SHOCKER,NA,12.8,462,NA,NA
LMB,4/28/1999,BOOM SHOCKER,NA,12.8,469,NA,NA
LMB,4/13/1999,BOOM SHOCKER,NA,12.8,NA,NA,NA
LMB,4/15/1999,BOOM SHOCKER,NA,12.8,NA,NA,NA
LMB,4/13/1999,BOOM SHOCKER,NA,12.9,412,NA,NA
LMB,4/13/1999,BOOM SHOCKER,NA,12.9,449,NA,NA
LMB,4/13/1999,BOOM SHOCKER,NA,12.9,NA,NA,NA
LMB,4/13/1999,BOOM SHOCKER,NA,12.9,NA,NA,NA
LMB,4/15/1999,BOOM SHOCKER,NA,12.9,NA,NA,NA
LMB,4/15/1999,BOOM SHOCKER,NA,12.9,NA,NA,NA
LMB,4/13/1999,BOOM SHOCKER,NA,13,426,5,SCALE
LMB,3/31/1999,FYKE NET,NA,13,438,7,SCALE
LMB,4/28/1999,BOOM SHOCKER,NA,13,460,NA,NA
LMB,4/28/1999,BOOM SHOCKER,NA,13,472,NA,NA
LMB,4/13/1999,BOOM SHOCKER,NA,13,474,7,SCALE
LMB,3/31/1999,FYKE NET,NA,13,481,NA,NA
LMB,4/13/1999,BOOM SHOCKER,NA,13,483,NA,NA
LMB,4/13/1999,BOOM SHOCKER,NA,13,503,8,SCALE
LMB,4/2/1999,FYKE NET,NA,13,519,6,SCALE
LMB,4/1/1999,FYKE NET,NA,13,547,7,SCALE
LMB,4/5/1999,FYKE NET,NA,13,NA,NA,NA
LMB,4/15/1999,BOOM SHOCKER,NA,13,NA,NA,NA
LMB,4/15/1999,BOOM SHOCKER,NA,13,NA,NA,NA
LMB,4/28/1999,BOOM SHOCKER,NA,13,NA,NA,NA
LMB,4/13/1999,BOOM SHOCKER,NA,13.1,454,7,SCALE
LMB,4/13/1999,BOOM SHOCKER,NA,13.1,464,7,SCALE
LMB,4/28/1999,BOOM SHOCKER,NA,13.1,483,NA,NA
LMB,4/2/1999,FYKE NET,NA,13.1,490,5,SCALE
LMB,4/1/1999,FYKE NET,NA,13.1,576,7,SCALE
LMB,4/2/1999,FYKE NET,NA,13.1,NA,NA,NA
LMB,4/13/1999,BOOM SHOCKER,NA,13.2,453,7,SCALE
LMB,4/2/1999,FYKE NET,NA,13.2,466,5,SCALE
LMB,3/31/1999,FYKE NET,NA,13.2,472,6,SCALE
LMB,4/13/1999,BOOM SHOCKER,NA,13.2,472,5,SCALE
LMB,4/13/1999,BOOM SHOCKER,NA,13.2,485,5,SCALE
LMB,3/31/1999,FYKE NET,NA,13.2,503,6,SCALE
LMB,4/13/1999,BOOM SHOCKER,NA,13.2,516,7,SCALE
LMB,4/13/1999,BOOM SHOCKER,NA,13.2,521,7,SCALE
LMB,4/13/1999,BOOM SHOCKER,NA,13.2,521,6,SCALE
LMB,4/13/1999,BOOM SHOCKER,NA,13.2,522,8,SCALE
LMB,4/15/1999,BOOM SHOCKER,NA,13.2,NA,NA,NA
LMB,4/13/1999,BOOM SHOCKER,NA,13.3,536,5,SCALE
LMB,4/13/1999,BOOM SHOCKER,NA,13.3,597,5,SCALE
LMB,4/1/1999,FYKE NET,NA,13.4,496,6,SCALE
LMB,3/31/1999,FYKE NET,NA,13.4,503,NA,NA
LMB,4/13/1999,BOOM SHOCKER,NA,13.4,517,6,SCALE
LMB,4/13/1999,BOOM SHOCKER,NA,13.4,537,6,SCALE
LMB,4/15/1999,BOOM SHOCKER,NA,13.4,539,NA,NA
LMB,4/2/1999,FYKE NET,NA,13.4,541,6,SCALE
LMB,4/1/1999,FYKE NET,NA,13.4,577,7,SCALE
LMB,4/15/1999,BOOM SHOCKER,NA,13.4,NA,NA,NA
LMB,4/15/1999,BOOM SHOCKER,NA,13.4,NA,NA,NA
LMB,4/15/1999,BOOM SHOCKER,NA,13.4,NA,NA,NA
LMB,4/28/1999,BOOM SHOCKER,NA,13.5,463,NA,NA
LMB,4/13/1999,BOOM SHOCKER,NA,13.5,492,7,SCALE
LMB,4/28/1999,BOOM SHOCKER,NA,13.5,494,NA,NA
LMB,4/15/1999,BOOM SHOCKER,NA,13.5,499,NA,NA
LMB,4/2/1999,FYKE NET,NA,13.5,516,6,SCALE
LMB,4/13/1999,BOOM SHOCKER,NA,13.5,521,7,SCALE
LMB,4/13/1999,BOOM SHOCKER,NA,13.5,543,6,SCALE
LMB,4/13/1999,BOOM SHOCKER,NA,13.5,550,6,SCALE
LMB,4/13/1999,BOOM SHOCKER,NA,13.5,670,6,SCALE
LMB,4/15/1999,BOOM SHOCKER,NA,13.5,NA,NA,NA
LMB,3/31/1999,FYKE NET,NA,13.6,519,NA,NA
LMB,4/13/1999,BOOM SHOCKER,NA,13.6,539,7,SCALE
LMB,4/13/1999,BOOM SHOCKER,NA,13.6,577,7,SCALE
LMB,4/13/1999,BOOM SHOCKER,NA,13.6,606,7,SCALE
LMB,4/13/1999,BOOM SHOCKER,NA,13.6,682,5,SCALE
LMB,4/13/1999,BOOM SHOCKER,NA,13.7,548,6,SCALE
LMB,4/13/1999,BOOM SHOCKER,NA,13.7,572,6,SCALE
LMB,3/31/1999,FYKE NET,NA,13.7,576,NA,NA
LMB,4/28/1999,BOOM SHOCKER,NA,13.7,578,NA,NA
LMB,4/13/1999,BOOM SHOCKER,NA,13.7,599,7,SCALE
LMB,4/28/1999,BOOM SHOCKER,NA,13.7,628,NA,NA
LMB,4/15/1999,BOOM SHOCKER,NA,13.7,NA,NA,NA
LMB,4/13/1999,BOOM SHOCKER,NA,13.8,538,6,SCALE
LMB,4/13/1999,BOOM SHOCKER,NA,13.8,555,6,SCALE
LMB,4/13/1999,BOOM SHOCKER,NA,13.8,568,6,SCALE
LMB,4/13/1999,BOOM SHOCKER,NA,13.8,612,6,SCALE
LMB,4/15/1999,BOOM SHOCKER,NA,13.8,NA,NA,NA
LMB,4/15/1999,BOOM SHOCKER,NA,13.8,NA,NA,NA
LMB,4/15/1999,BOOM SHOCKER,NA,13.8,NA,NA,NA
LMB,4/15/1999,BOOM SHOCKER,NA,13.8,NA,NA,NA
LMB,4/13/1999,BOOM SHOCKER,NA,13.9,556,6,SCALE
LMB,4/13/1999,BOOM SHOCKER,NA,13.9,587,6,SCALE
LMB,4/13/1999,BOOM SHOCKER,NA,13.9,587,8,SCALE
LMB,4/28/1999,BOOM SHOCKER,NA,13.9,598,NA,NA
LMB,4/15/1999,BOOM SHOCKER,NA,13.9,NA,NA,NA
LMB,4/15/1999,BOOM SHOCKER,NA,14,557,7,SCALE
LMB,4/13/1999,BOOM SHOCKER,NA,14,672,8,SCALE
LMB,4/15/1999,BOOM SHOCKER,NA,14,NA,NA,NA
LMB,4/2/1999,FYKE NET,NA,14.1,595,8,SCALE
LMB,4/15/1999,BOOM SHOCKER,NA,14.1,630,7,SCALE
LMB,4/13/1999,BOOM SHOCKER,NA,14.1,653,7,SCALE
LMB,4/2/1999,FYKE NET,NA,14.1,NA,NA,NA
LMB,4/15/1999,BOOM SHOCKER,NA,14.2,579,5,SCALE
LMB,4/13/1999,BOOM SHOCKER,NA,14.2,587,7,SCALE
LMB,4/13/1999,BOOM SHOCKER,NA,14.2,600,7,SCALE
LMB,4/15/1999,BOOM SHOCKER,NA,14.2,647,7,SCALE
LMB,4/15/1999,BOOM SHOCKER,NA,14.2,648,7,SCALE
LMB,4/2/1999,FYKE NET,NA,14.2,NA,NA,NA
LMB,4/28/1999,BOOM SHOCKER,NA,14.2,NA,NA,NA
LMB,4/28/1999,BOOM SHOCKER,NA,14.2,NA,NA,NA
LMB,4/28/1999,BOOM SHOCKER,NA,14.3,583,NA,NA
LMB,4/1/1999,FYKE NET,NA,14.3,753,7,SCALE
LMB,4/28/1999,BOOM SHOCKER,NA,14.3,NA,NA,NA
LMB,4/13/1999,BOOM SHOCKER,NA,14.5,650,7,SCALE
LMB,4/28/1999,BOOM SHOCKER,NA,14.5,NA,NA,NA
LMB,4/28/1999,BOOM SHOCKER,NA,14.7,NA,NA,NA
LMB,4/6/1999,FYKE NET,NA,14.8,726,NA,NA
LMB,4/13/1999,BOOM SHOCKER,NA,14.9,764,7,SCALE
LMB,4/15/1999,BOOM SHOCKER,NA,14.9,799,7,SCALE
LMB,4/13/1999,BOOM SHOCKER,NA,15,673,9,SCALE
LMB,4/13/1999,BOOM SHOCKER,NA,15.3,808,8,SCALE
LMB,4/13/1999,BOOM SHOCKER,NA,15.3,830,8,SCALE
LMB,4/15/1999,BOOM SHOCKER,NA,15.3,832,8,SCALE
LMB,4/15/1999,BOOM SHOCKER,NA,15.3,906,9,SCALE
LMB,4/1/1999,FYKE NET,NA,15.4,881,10,SCALE
LMB,4/15/1999,BOOM SHOCKER,NA,15.7,1009,6,SCALE
LMB,4/15/1999,BOOM SHOCKER,NA,15.9,860,8,SCALE
LMB,4/13/1999,BOOM SHOCKER,NA,17.6,1446,10,SCALE
LMB,4/13/1999,BOOM SHOCKER,NA,17.9,1648,8,SCALE
LMB,4/13/1999,BOOM SHOCKER,NA,18,1591,9,SCALE
LMB,4/15/1999,BOOM SHOCKER,NA,18,NA,NA,NA
LMB,4/1/1999,FYKE NET,NA,18.2,1619,10,SCALE
LMB,4/1/1999,FYKE NET,NA,18.3,1446,9,SCALE
LMB,4/1/1999,FYKE NET,NA,18.6,1818,10,SCALE
LMB,4/28/1999,BOOM SHOCKER,NA,18.8,1790,10,SCALE
LMB,4/15/1999,BOOM SHOCKER,NA,19.5,2131,11,SCALE
LMB,4/6/1999,FYKE NET,NA,19.6,1563,NA,NA
LMB,4/28/1999,BOOM SHOCKER,NA,19.6,1847,10,SCALE
LMB,4/15/1999,BOOM SHOCKER,NA,20.1,2472,11,SCALE
LMB,4/15/1999,BOOM SHOCKER,NA,20.4,2670,11,SCALE
LMB,4/15/1999,BOOM SHOCKER,NA,20.5,2358,10,SCALE
YEP,4/28/1999,BOOM SHOCKER,NA,2.9,6,NA,NA
YEP,4/15/1999,BOOM SHOCKER,NA,4.1,NA,NA,NA
YEP,4/28/1999,BOOM SHOCKER,NA,4.2,17,NA,NA
YEP,4/28/1999,BOOM SHOCKER,NA,4.4,20,NA,NA
YEP,4/15/1999,BOOM SHOCKER,NA,4.7,NA,NA,NA
YEP,4/15/1999,BOOM SHOCKER,M,4.9,18,NA,NA
YEP,4/15/1999,BOOM SHOCKER,M,4.9,20,NA,NA
YEP,4/28/1999,BOOM SHOCKER,U,4.9,22,NA,NA
YEP,4/15/1999,BOOM SHOCKER,M,5.5,25,NA,NA
YEP,4/28/1999,BOOM SHOCKER,NA,5.5,32,NA,NA
YEP,4/28/1999,BOOM SHOCKER,NA,5.6,38,NA,NA
YEP,4/15/1999,BOOM SHOCKER,NA,5.6,NA,NA,NA
YEP,3/31/1999,FYKE NET,M,5.7,34,NA,SCALE
YEP,3/31/1999,FYKE NET,M,5.7,35,2,SCALE
YEP,4/15/1999,BOOM SHOCKER,M,5.8,37,NA,NA
YEP,4/28/1999,BOOM SHOCKER,NA,5.8,40,NA,NA
YEP,4/28/1999,BOOM SHOCKER,NA,5.9,36,NA,NA
YEP,4/15/1999,BOOM SHOCKER,F,5.9,37,NA,NA
YEP,4/5/1999,FYKE NET,M,5.9,39,NA,NA
YEP,3/31/1999,FYKE NET,F,5.9,44,2,SCALE
YEP,3/31/1999,FYKE NET,M,6,40,2,SCALE
YEP,4/28/1999,BOOM SHOCKER,M,6.1,38,NA,NA
YEP,4/28/1999,BOOM SHOCKER,NA,6.1,40,NA,NA
YEP,4/1/1999,FYKE NET,M,6.1,43,4,SCALE
YEP,4/1/1999,FYKE NET,F,6.1,46,3,SCALE
YEP,4/28/1999,BOOM SHOCKER,NA,6.1,50,NA,NA
YEP,4/1/1999,FYKE NET,M,6.2,47,3,SCALE
YEP,4/6/1999,FYKE NET,F,6.2,47,4,SCALE
YEP,4/1/1999,FYKE NET,F,6.2,48,3,SCALE
YEP,4/1/1999,FYKE NET,M,6.2,61,3,SCALE
YEP,4/5/1999,FYKE NET,M,6.2,NA,NA,NA
YEP,3/31/1999,FYKE NET,M,6.3,44,NA,SCALE
YEP,3/31/1999,FYKE NET,M,6.3,45,NA,SCALE
YEP,4/7/1999,FYKE NET,F,6.3,57,4,SCALE
YEP,4/2/1999,FYKE NET,M,6.4,43,4,SCALE
YEP,4/1/1999,FYKE NET,M,6.4,49,3,SCALE
YEP,3/31/1999,FYKE NET,M,6.4,50,3,SCALE
YEP,4/1/1999,FYKE NET,M,6.4,50,3,SCALE
YEP,4/1/1999,FYKE NET,M,6.4,53,5,SCALE
YEP,3/31/1999,FYKE NET,M,6.4,56,NA,SCALE
YEP,4/2/1999,FYKE NET,M,6.4,56,4,SCALE
YEP,3/31/1999,FYKE NET,M,6.4,NA,NA,SCALE
YEP,3/31/1999,FYKE NET,M,6.5,50,3,SCALE
YEP,3/31/1999,FYKE NET,M,6.5,51,NA,SCALE
YEP,4/1/1999,FYKE NET,M,6.5,52,4,SCALE
YEP,3/31/1999,FYKE NET,F,6.5,60,3,SCALE
YEP,4/1/1999,FYKE NET,F,6.6,55,3,SCALE
YEP,3/31/1999,FYKE NET,M,6.6,56,4,SCALE
YEP,3/31/1999,FYKE NET,M,6.6,58,4,SCALE
YEP,4/7/1999,FYKE NET,M,6.6,60,3,SCALE
YEP,4/2/1999,FYKE NET,M,6.7,55,4,SCALE
YEP,4/2/1999,FYKE NET,M,6.7,56,4,SCALE
YEP,4/1/1999,FYKE NET,M,6.7,57,4,SCALE
YEP,4/2/1999,FYKE NET,M,6.7,60,4,SCALE
YEP,4/1/1999,FYKE NET,M,6.7,65,3,SCALE
YEP,4/1/1999,FYKE NET,M,6.7,65,3,SCALE
YEP,4/2/1999,FYKE NET,F,6.7,65,4,SCALE
YEP,4/1/1999,FYKE NET,M,6.7,66,4,SCALE
YEP,3/31/1999,FYKE NET,F,6.7,68,NA,SCALE
YEP,3/31/1999,FYKE NET,M,6.7,70,3,SCALE
YEP,4/15/1999,BOOM SHOCKER,NA,6.7,NA,NA,NA
YEP,4/7/1999,FYKE NET,M,6.8,53,3,SCALE
YEP,4/1/1999,FYKE NET,M,6.8,56,3,SCALE
YEP,3/31/1999,FYKE NET,M,6.8,58,NA,SCALE
YEP,4/7/1999,FYKE NET,M,6.8,59,4,SCALE
YEP,4/28/1999,BOOM SHOCKER,NA,6.8,59,NA,NA
YEP,4/1/1999,FYKE NET,M,6.8,62,4,SCALE
YEP,3/31/1999,FYKE NET,M,6.8,69,3,SCALE
YEP,4/6/1999,FYKE NET,F,6.8,71,5,SCALE
YEP,4/7/1999,FYKE NET,M,6.9,56,3,SCALE
YEP,3/31/1999,FYKE NET,M,6.9,58,4,SCALE
YEP,4/6/1999,FYKE NET,M,6.9,66,3,SCALE
YEP,4/7/1999,FYKE NET,M,6.9,70,4,SCALE
YEP,4/28/1999,BOOM SHOCKER,NA,6.9,102,NA,NA
YEP,4/1/1999,FYKE NET,F,6.9,NA,NA,NA
YEP,4/1/1999,FYKE NET,M,7,53,3,SCALE
YEP,4/28/1999,BOOM SHOCKER,NA,7,62,NA,NA
YEP,3/31/1999,FYKE NET,M,7,64,3,SCALE
YEP,4/15/1999,BOOM SHOCKER,M,7,67,NA,NA
YEP,3/31/1999,FYKE NET,M,7,72,3,SCALE
YEP,3/31/1999,FYKE NET,M,7,73,NA,SCALE
YEP,3/31/1999,FYKE NET,M,7,NA,NA,SCALE
YEP,3/31/1999,FYKE NET,M,7,NA,NA,SCALE
YEP,4/15/1999,BOOM SHOCKER,NA,7,NA,NA,NA
YEP,3/31/1999,FYKE NET,M,7.1,64,4,SCALE
YEP,4/1/1999,FYKE NET,M,7.1,64,4,SCALE
YEP,3/31/1999,FYKE NET,M,7.1,66,NA,SCALE
YEP,4/2/1999,FYKE NET,M,7.1,66,4,SCALE
YEP,4/2/1999,FYKE NET,M,7.1,76,4,SCALE
YEP,4/2/1999,FYKE NET,F,7.1,88,3,SCALE
YEP,3/31/1999,FYKE NET,M,7.2,57,3,SCALE
YEP,4/1/1999,FYKE NET,M,7.2,63,4,SCALE
YEP,3/31/1999,FYKE NET,U,7.2,67,NA,SCALE
YEP,4/1/1999,FYKE NET,M,7.3,81,4,SCALE
YEP,4/7/1999,FYKE NET,F,7.3,89,3,SCALE
YEP,3/31/1999,FYKE NET,M,7.3,90,4,SCALE
YEP,4/1/1999,FYKE NET,M,7.4,72,4,SCALE
YEP,3/31/1999,FYKE NET,M,7.4,74,4,SCALE
YEP,4/1/1999,FYKE NET,M,7.4,76,5,SCALE
YEP,4/15/1999,BOOM SHOCKER,M,7.4,80,NA,NA
YEP,3/31/1999,FYKE NET,F,7.4,97,4,SCALE
YEP,3/31/1999,FYKE NET,M,7.5,80,4,SCALE
YEP,3/31/1999,FYKE NET,F,7.5,102,4,SCALE
YEP,4/1/1999,FYKE NET,F,7.6,79,5,SCALE
YEP,4/1/1999,FYKE NET,M,7.6,83,3,SCALE
YEP,3/31/1999,FYKE NET,M,7.6,87,NA,SCALE
YEP,4/1/1999,FYKE NET,M,7.6,97,4,SCALE
YEP,4/1/1999,FYKE NET,F,7.6,98,4,SCALE
YEP,3/31/1999,FYKE NET,F,7.6,99,4,SCALE
YEP,4/1/1999,FYKE NET,M,7.7,80,3,SCALE
YEP,3/31/1999,FYKE NET,M,7.7,90,4,SCALE
YEP,3/31/1999,FYKE NET,M,7.7,96,4,SCALE
YEP,4/2/1999,FYKE NET,F,7.7,97,3,SCALE
YEP,3/31/1999,FYKE NET,F,7.7,100,5,SCALE
YEP,3/31/1999,FYKE NET,F,7.7,101,5,SCALE
YEP,4/1/1999,FYKE NET,M,7.7,NA,5,SCALE
YEP,4/1/1999,FYKE NET,M,7.8,82,3,SCALE
YEP,4/5/1999,FYKE NET,M,7.8,94,NA,NA
YEP,3/31/1999,FYKE NET,M,7.8,95,4,SCALE
YEP,3/31/1999,FYKE NET,M,7.8,102,NA,SCALE
YEP,3/31/1999,FYKE NET,F,7.8,109,NA,SCALE
YEP,3/31/1999,FYKE NET,M,7.9,100,5,SCALE
YEP,3/31/1999,FYKE NET,M,7.9,106,4,SCALE
YEP,3/31/1999,FYKE NET,F,7.9,123,4,SCALE
YEP,4/1/1999,FYKE NET,M,8,92,5,SCALE
YEP,3/31/1999,FYKE NET,M,8.1,109,4,SCALE
YEP,4/1/1999,FYKE NET,M,8.1,112,5,SCALE
YEP,4/7/1999,FYKE NET,F,8.1,113,NA,NA
YEP,4/2/1999,FYKE NET,F,8.1,116,4,SCALE
YEP,4/6/1999,FYKE NET,F,8.1,120,3,SCALE
YEP,4/1/1999,FYKE NET,F,8.1,140,4,SCALE
YEP,3/31/1999,FYKE NET,F,8.2,130,4,SCALE
YEP,4/2/1999,FYKE NET,F,8.3,130,5,SCALE
YEP,3/31/1999,FYKE NET,F,8.3,131,5,SCALE
YEP,4/1/1999,FYKE NET,F,8.3,135,5,SCALE
YEP,4/6/1999,FYKE NET,M,8.4,127,5,SCALE
YEP,4/2/1999,FYKE NET,F,8.4,147,4,SCALE
YEP,4/15/1999,BOOM SHOCKER,F,8.4,NA,NA,NA
YEP,4/15/1999,BOOM SHOCKER,M,8.5,126,NA,NA
YEP,4/2/1999,FYKE NET,M,8.6,127,6,SCALE
YEP,4/7/1999,FYKE NET,F,8.6,143,4,SCALE
YEP,4/5/1999,FYKE NET,F,8.7,153,NA,NA
YEP,3/31/1999,FYKE NET,M,8.9,143,5,SCALE
YEP,4/2/1999,FYKE NET,F,8.9,171,4,SCALE
YEP,3/31/1999,FYKE NET,F,9.7,192,5,SCALE
YEP,4/1/1999,FYKE NET,F,10.1,247,6,SCALE
WAE,4/13/1999,BOOM SHOCKER,U,11.2,NA,NA,NA
WAE,4/1/1999,FYKE NET,U,11.4,225,2,SPINE
WAE,4/15/1999,BOOM SHOCKER,NA,12.7,NA,2,SPINE
WAE,4/15/1999,BOOM SHOCKER,U,13,358,2,SPINE
WAE,4/2/1999,FYKE NET,U,13.4,360,2,SPINE
WAE,4/2/1999,FYKE NET,U,13.4,366,2,SPINE
WAE,3/31/1999,FYKE NET,U,13.5,398,2,SPINE
WAE,4/3/1999,FYKE NET,U,13.6,382,2,SPINE
WAE,4/15/1999,BOOM SHOCKER,U,13.6,NA,NA,NA
WAE,4/2/1999,FYKE NET,M,15.6,547,4,SPINE
WAE,4/28/1999,BOOM SHOCKER,M,15.6,556,NA,NA
WAE,3/31/1999,FYKE NET,M,15.6,625,4,SPINE
WAE,4/13/1999,BOOM SHOCKER,M,15.6,NA,NA,NA
WAE,4/4/1999,FYKE NET,M,15.8,NA,NA,NA
WAE,3/31/1999,FYKE NET,M,16,682,3,SPINE
WAE,4/13/1999,BOOM SHOCKER,M,16.1,NA,NA,NA
WAE,3/31/1999,FYKE NET,M,16.2,568,4,SPINE
WAE,4/4/1999,FYKE NET,M,16.2,NA,NA,NA
WAE,4/6/1999,FYKE NET,M,16.3,660,4,SPINE
WAE,4/8/1999,FYKE NET,M,16.4,597,4,SPINE
WAE,4/8/1999,FYKE NET,M,16.4,NA,NA,NA
WAE,4/15/1999,BOOM SHOCKER,M,16.6,661,NA,NA
WAE,3/31/1999,FYKE NET,M,16.6,795,4,SPINE
WAE,3/31/1999,FYKE NET,M,16.6,795,4,SPINE
WAE,4/6/1999,FYKE NET,M,16.6,NA,NA,NA
WAE,4/7/1999,FYKE NET,M,17,688,4,SPINE
WAE,4/4/1999,FYKE NET,M,17,739,4,SPINE
WAE,4/1/1999,FYKE NET,F,17,916,4,SPINE
WAE,4/13/1999,BOOM SHOCKER,M,17,NA,NA,NA
WAE,4/15/1999,BOOM SHOCKER,M,17.1,729,NA,NA
WAE,4/13/1999,BOOM SHOCKER,M,17.1,742,4,SPINE
WAE,3/31/1999,FYKE NET,M,17.2,739,4,SPINE
WAE,4/3/1999,FYKE NET,M,17.2,1648,4,SPINE
WAE,4/3/1999,FYKE NET,M,17.3,NA,NA,NA
WAE,4/8/1999,FYKE NET,M,17.3,NA,NA,NA
WAE,4/8/1999,FYKE NET,M,17.3,NA,NA,NA
WAE,3/31/1999,FYKE NET,M,17.4,795,4,SPINE
WAE,4/2/1999,FYKE NET,M,17.4,852,4,SPINE
WAE,3/31/1999,FYKE NET,M,17.4,909,5,SPINE
WAE,3/31/1999,FYKE NET,M,17.4,909,4,SPINE
WAE,4/2/1999,FYKE NET,M,17.5,909,4,SPINE
WAE,4/5/1999,FYKE NET,M,17.5,NA,NA,NA
WAE,4/6/1999,FYKE NET,M,17.5,NA,NA,NA
WAE,4/2/1999,FYKE NET,M,17.6,966,4,SPINE
WAE,4/2/1999,FYKE NET,M,17.8,894,6,SPINE
WAE,3/31/1999,FYKE NET,M,18,966,3,SPINE
WAE,4/3/1999,FYKE NET,M,18,NA,NA,NA
WAE,4/6/1999,FYKE NET,F,18.1,NA,NA,NA
WAE,4/15/1999,BOOM SHOCKER,M,18.2,836,NA,NA
WAE,4/28/1999,BOOM SHOCKER,M,18.3,872,NA,NA
WAE,3/31/1999,FYKE NET,M,18.3,881,4,SPINE
WAE,4/1/1999,FYKE NET,F,18.3,1080,4,SPINE
WAE,4/13/1999,BOOM SHOCKER,F,18.5,1022,4,SPINE
WAE,4/2/1999,FYKE NET,M,18.5,1193,5,SPINE
WAE,4/5/1999,FYKE NET,M,18.5,NA,NA,NA
WAE,4/13/1999,BOOM SHOCKER,F,18.5,NA,NA,NA
WAE,4/4/1999,FYKE NET,F,18.6,1023,4,SPINE
WAE,4/4/1999,FYKE NET,F,18.6,1080,4,SPINE
WAE,3/31/1999,FYKE NET,M,18.7,909,4,SPINE
WAE,4/15/1999,BOOM SHOCKER,NA,18.7,NA,NA,NA
WAE,4/15/1999,BOOM SHOCKER,F,18.8,NA,NA,NA
WAE,3/31/1999,FYKE NET,M,18.9,1080,4,SPINE
WAE,4/1/1999,FYKE NET,M,18.9,1136,4,SPINE
WAE,4/4/1999,FYKE NET,M,19,NA,NA,NA
WAE,4/13/1999,BOOM SHOCKER,M,19.1,NA,NA,NA
WAE,4/13/1999,BOOM SHOCKER,M,19.4,NA,NA,NA
WAE,3/31/1999,FYKE NET,M,19.5,1250,5,SPINE
WAE,4/1/1999,FYKE NET,F,19.5,1307,4,SPINE
WAE,4/4/1999,FYKE NET,F,19.5,NA,NA,NA
WAE,4/8/1999,FYKE NET,F,19.6,NA,NA,NA
WAE,4/2/1999,FYKE NET,F,19.9,1818,5,SPINE
WAE,4/7/1999,FYKE NET,M,20.1,1198,6,SPINE
WAE,4/13/1999,BOOM SHOCKER,M,20.1,NA,NA,NA
WAE,4/1/1999,FYKE NET,M,20.2,1477,4,SPINE
WAE,4/13/1999,BOOM SHOCKER,M,20.2,NA,NA,NA
WAE,4/13/1999,BOOM SHOCKER,M,20.4,1176,NA,NA
WAE,3/31/1999,FYKE NET,M,20.5,1136,5,SPINE
WAE,4/6/1999,FYKE NET,M,20.5,NA,NA,NA
WAE,4/7/1999,FYKE NET,M,20.6,NA,NA,NA
WAE,4/8/1999,FYKE NET,M,20.8,1534,5,SPINE
WAE,4/4/1999,FYKE NET,F,20.9,1307,5,SPINE
WAE,4/2/1999,FYKE NET,M,21,1364,6,SPINE
WAE,3/31/1999,FYKE NET,F,21,1875,5,SPINE
WAE,4/13/1999,BOOM SHOCKER,F,21,NA,NA,NA
WAE,4/4/1999,FYKE NET,M,21.1,NA,NA,NA
WAE,4/4/1999,FYKE NET,F,21.1,NA,NA,NA
WAE,3/31/1999,FYKE NET,F,21.6,1591,6,SPINE
WAE,3/31/1999,FYKE NET,F,21.7,1989,7,SPINE
WAE,4/15/1999,BOOM SHOCKER,F,21.7,NA,NA,NA
WAE,4/6/1999,FYKE NET,F,21.8,1989,6,SPINE
WAE,4/15/1999,BOOM SHOCKER,NA,21.8,NA,NA,NA
WAE,3/31/1999,FYKE NET,F,21.9,1761,6,SPINE
WAE,4/2/1999,FYKE NET,F,21.9,2045,5,SPINE
WAE,4/8/1999,FYKE NET,F,21.9,NA,NA,NA
WAE,4/4/1999,FYKE NET,F,22,NA,NA,NA
WAE,4/3/1999,FYKE NET,F,22.5,2273,5,SPINE
WAE,4/6/1999,FYKE NET,F,22.6,NA,NA,NA
WAE,4/7/1999,FYKE NET,F,22.6,NA,NA,NA
WAE,4/4/1999,FYKE NET,F,22.7,NA,NA,NA
WAE,3/31/1999,FYKE NET,F,22.8,2330,6,SPINE
WAE,4/8/1999,FYKE NET,F,22.8,NA,NA,NA
WAE,3/31/1999,FYKE NET,F,23,2188,6,SPINE
WAE,4/15/1999,BOOM SHOCKER,F,23,NA,NA,NA
WAE,4/4/1999,FYKE NET,F,23.1,NA,NA,NA
